-- phpMyAdmin SQL Dump
-- version 4.1.12
-- http://www.phpmyadmin.net
--
-- Client :  localhost:8889
-- Généré le :  Mar 20 Mai 2014 à 11:57
-- Version du serveur :  5.5.34
-- Version de PHP :  5.5.10

SET SQL_MODE = "NO_AUTO_VALUE_ON_ZERO";
SET time_zone = "+00:00";

--
-- Base de données :  `cme_test`
--

-- --------------------------------------------------------

--
-- Structure de la table `forum`
--

CREATE TABLE `forum` (
  `id` int(10) unsigned NOT NULL AUTO_INCREMENT,
  `user_id` int(10) unsigned NOT NULL DEFAULT '1',
  `forum_category_id` int(10) unsigned NOT NULL DEFAULT '5',
  `title` varchar(100) NOT NULL,
  `text` text NOT NULL,
  `keywords` varchar(200) NOT NULL,
  `is_solved` smallint(6) NOT NULL DEFAULT '0',
  `is_online` smallint(1) unsigned NOT NULL DEFAULT '1',
  `created_at` datetime NOT NULL,
  `updated_at` datetime NOT NULL,
  PRIMARY KEY (`id`)
) ENGINE=InnoDB  DEFAULT CHARSET=utf8 AUTO_INCREMENT=69 ;

--
-- Contenu de la table `forum`
--

INSERT INTO `forum` (`id`, `user_id`, `forum_category_id`, `title`, `text`, `keywords`, `is_solved`, `is_online`, `created_at`, `updated_at`) VALUES
(1, 1, 5, 'Titre A', 'Titre A : Lorem ipsum dolor sit amet, consectetur adipiscing elit. Mauris pellentesque eget lorem ut cursus. Sed erat neque, sodales sit amet auctor id, consequat vel erat. Phasellus urna ligula, egestas ut lacus non, dapibus eleifend nulla. Vestibulum accumsan tellus nibh, non rhoncus nisi dictum quis. Suspendisse lobortis eros ac lacus eleifend commodo. Suspendisse lacinia lacus id eros aliquet lacinia. Vestibulum vel ligula pellentesque tortor eleifend cursus id eget massa. Duis eleifend pharetra nunc, vel dignissim eros. Vestibulum sed bibendum erat.', '', 1, 1, '2014-04-15 09:05:12', '2014-04-15 09:05:12'),
(2, 1, 4, 'Titre B', 'Doudoud didi Lorem ipsum dolor sit amet, consectetur adipiscing elit. Mauris pellentesque eget lorem ut cursus. Sed erat neque, sodales sit amet auctor id, consequat vel erat. Phasellus urna ligula, egestas ut lacus non, dapibus eleifend nulla. Vestibulum accumsan tellus nibh, non rhoncus nisi dictum quis. Suspendisse lobortis eros ac lacus eleifend commodo. Suspendisse lacinia lacus id eros aliquet lacinia. Vestibulum vel ligula pellentesque tortor eleifend cursus id eget massa. Duis eleifend pharetra nunc, vel dignissim eros. Vestibulum sed bibendum erat.', '', 0, 0, '2014-04-15 09:06:09', '2014-04-15 09:06:09'),
(3, 1, 4, 'Titre C', 'objet C Lorem ipsum dolor sit amet, consectetur adipiscing elit. Mauris pellentesque eget lorem ut cursus. Sed erat neque, sodales sit amet auctor id, consequat vel erat. Phasellus urna ligula, egestas ut lacus non, dapibus eleifend nulla. Vestibulum accumsan tellus nibh, non rhoncus nisi dictum quis. Suspendisse lobortis eros ac lacus eleifend commodo. Suspendisse lacinia lacus id eros aliquet lacinia. Vestibulum vel ligula pellentesque tortor eleifend cursus id eget massa. Duis eleifend pharetra nunc, vel dignissim eros. Vestibulum sed bibendum erat.', '', 1, 1, '0000-00-00 00:00:00', '0000-00-00 00:00:00'),
(4, 1, 4, 'Titre D', 'coucou de la forêt', '', 0, 1, '0000-00-00 00:00:00', '0000-00-00 00:00:00'),
(5, 1, 3, 'Titre E', 'objet E Lorem ipsum dolor sit amet, consectetur adipiscing elit. Mauris pellentesque eget lorem ut cursus. Sed erat neque, sodales sit amet auctor id, consequat vel erat. Phasellus urna ligula, egestas ut lacus non, dapibus eleifend nulla. Vestibulum accumsan tellus nibh, non rhoncus nisi dictum quis. Suspendisse lobortis eros ac lacus eleifend commodo. Suspendisse lacinia lacus id eros aliquet lacinia. Vestibulum vel ligula pellentesque tortor eleifend cursus id eget massa. Duis eleifend pharetra nunc, vel dignissim eros. Vestibulum sed bibendum erat.', '', 1, 1, '0000-00-00 00:00:00', '0000-00-00 00:00:00'),
(6, 1, 2, 'Titre F', 'objet F Lorem ipsum dolor sit amet, consectetur adipiscing elit. Mauris pellentesque eget lorem ut cursus. Sed erat neque, sodales sit amet auctor id, consequat vel erat. Phasellus urna ligula, egestas ut lacus non, dapibus eleifend nulla. Vestibulum accumsan tellus nibh, non rhoncus nisi dictum quis. Suspendisse lobortis eros ac lacus eleifend commodo. Suspendisse lacinia lacus id eros aliquet lacinia. Vestibulum vel ligula pellentesque tortor eleifend cursus id eget massa. Duis eleifend pharetra nunc, vel dignissim eros. Vestibulum sed bibendum erat.', '', 0, 1, '0000-00-00 00:00:00', '0000-00-00 00:00:00'),
(7, 1, 1, 'Titre G', 'objet G Lorem ipsum dolor sit amet, consectetur adipiscing elit. Mauris pellentesque eget lorem ut cursus. Sed erat neque, sodales sit amet auctor id, consequat vel erat. Phasellus urna ligula, egestas ut lacus non, dapibus eleifend nulla. Vestibulum accumsan tellus nibh, non rhoncus nisi dictum quis. Suspendisse lobortis eros ac lacus eleifend commodo. Suspendisse lacinia lacus id eros aliquet lacinia. Vestibulum vel ligula pellentesque tortor eleifend cursus id eget massa. Duis eleifend pharetra nunc, vel dignissim eros. Vestibulum sed bibendum erat.', '', 0, 1, '0000-00-00 00:00:00', '0000-00-00 00:00:00'),
(8, 1, 1, 'Titre H', 'objet H Lorem ipsum dolor sit amet, consectetur adipiscing elit. Mauris pellentesque eget lorem ut cursus. Sed erat neque, sodales sit amet auctor id, consequat vel erat. Phasellus urna ligula, egestas ut lacus non, dapibus eleifend nulla. Vestibulum accumsan tellus nibh, non rhoncus nisi dictum quis. Suspendisse lobortis eros ac lacus eleifend commodo. Suspendisse lacinia lacus id eros aliquet lacinia. Vestibulum vel ligula pellentesque tortor eleifend cursus id eget massa. Duis eleifend pharetra nunc, vel dignissim eros. Vestibulum sed bibendum erat.', '', 0, 1, '0000-00-00 00:00:00', '0000-00-00 00:00:00'),
(9, 1, 1, 'Comment faire pour rien faire ?', 'objet I Lorem ipsum dolor sit amet, consectetur adipiscing elit. Mauris pellentesque eget lorem ut cursus. Sed erat neque, sodales sit amet auctor id, consequat vel erat. Phasellus urna ligula, egestas ut lacus non, dapibus eleifend nulla. Vestibulum accumsan tellus nibh, non rhoncus nisi dictum quis. Suspendisse lobortis eros ac lacus eleifend commodo. Suspendisse lacinia lacus id eros aliquet lacinia. Vestibulum vel ligula pellentesque tortor eleifend cursus id eget massa. Duis eleifend pharetra nunc, vel dignissim eros. Vestibulum sed bibendum erat.', '', 1, 1, '0000-00-00 00:00:00', '0000-00-00 00:00:00'),
(10, 1, 1, 'Titre J', 'objet J Lorem ipsum dolor sit amet, consectetur adipiscing elit. Mauris pellentesque eget lorem ut cursus. Sed erat neque, sodales sit amet auctor id, consequat vel erat. Phasellus urna ligula, egestas ut lacus non, dapibus eleifend nulla. Vestibulum accumsan tellus nibh, non rhoncus nisi dictum quis. Suspendisse lobortis eros ac lacus eleifend commodo. Suspendisse lacinia lacus id eros aliquet lacinia. Vestibulum vel ligula pellentesque tortor eleifend cursus id eget massa. Duis eleifend pharetra nunc, vel dignissim eros. Vestibulum sed bibendum erat.', '', 1, 1, '0000-00-00 00:00:00', '0000-00-00 00:00:00'),
(11, 1, 1, 'Titre K', 'objet K Lorem ipsum dolor sit amet, consectetur adipiscing elit. Mauris pellentesque eget lorem ut cursus. Sed erat neque, sodales sit amet auctor id, consequat vel erat. Phasellus urna ligula, egestas ut lacus non, dapibus eleifend nulla. Vestibulum accumsan tellus nibh, non rhoncus nisi dictum quis. Suspendisse lobortis eros ac lacus eleifend commodo. Suspendisse lacinia lacus id eros aliquet lacinia. Vestibulum vel ligula pellentesque tortor eleifend cursus id eget massa. Duis eleifend pharetra nunc, vel dignissim eros. Vestibulum sed bibendum erat.', '', 0, 1, '0000-00-00 00:00:00', '0000-00-00 00:00:00'),
(12, 1, 1, 'Titre L', 'objet L Lorem ipsum dolor sit amet, consectetur adipiscing elit. Mauris pellentesque eget lorem ut cursus. Sed erat neque, sodales sit amet auctor id, consequat vel erat. Phasellus urna ligula, egestas ut lacus non, dapibus eleifend nulla. Vestibulum accumsan tellus nibh, non rhoncus nisi dictum quis. Suspendisse lobortis eros ac lacus eleifend commodo. Suspendisse lacinia lacus id eros aliquet lacinia. Vestibulum vel ligula pellentesque tortor eleifend cursus id eget massa. Duis eleifend pharetra nunc, vel dignissim eros. Vestibulum sed bibendum erat.', '', 0, 1, '0000-00-00 00:00:00', '0000-00-00 00:00:00'),
(13, 1, 1, 'qsdfqsdf', '<p>qsdfqsdf</p>\r\n', '', 0, 0, '2014-04-17 16:08:30', '2014-04-17 16:08:30'),
(14, 1, 2, 'Mon super titre', '<p>La question de la mort : &nbsp;Comment je fait pour r&eacute;cup&eacute;rer un post d&#39;un formulaire ?</p>\r\n', '', 0, 0, '2014-04-17 16:16:50', '2014-04-17 16:16:50'),
(15, 1, 2, 'titi', '<p>coucou comment sa vas ?</p>\r\n', '', 0, 1, '2014-04-17 17:27:19', '2014-04-17 17:27:19'),
(16, 1, 2, 'test coucou', '<p>ceci est un autre test&nbsp;</p>\r\n', '', 0, 1, '2014-04-22 09:03:38', '2014-04-22 09:03:38'),
(17, 1, 1, 'coucou hu hu', '<p>ha ha ho ho</p>\r\n', '', 0, 1, '2014-04-23 08:49:23', '2014-04-23 08:49:23'),
(18, 1, 3, 'qsfqsdfqs', '<p>sdfqsdfqsdf</p>\r\n', '', 0, 1, '2014-04-23 16:24:27', '2014-04-23 16:24:27'),
(19, 1, 3, 'coucouc', '<p>hihi&nbsp;</p>\r\n', '', 0, 1, '2014-04-24 09:07:26', '2014-04-24 09:07:26'),
(20, 1, 4, 'test ma publication', '<p>coucou test&nbsp;</p>\r\n', '', 0, 1, '2014-04-28 16:09:56', '2014-04-28 16:09:56'),
(21, 1, 2, 'Mon Tuto (Henri)', '<p>C&#39;est moi qui l&#39;est cr&eacute;&eacute;</p>', '', 0, 1, '2014-05-13 09:49:48', '2014-05-13 09:49:48'),
(22, 4, 1, 'coucou (Henri)', '<p>Coucou</p>', '', 0, 1, '2014-05-13 10:13:04', '2014-05-13 10:13:04'),
(23, 4, 4, 'coucou (Henri)', '<p>Coucou</p>', '', 0, 1, '2014-05-13 10:13:23', '2014-05-13 10:13:23'),
(24, 4, 3, 'coucou de la forêt (Henri)', '<p>Rough est cool ma poule !!!!!</p>', '', 0, 1, '2014-05-13 12:07:37', '2014-05-13 12:07:37'),
(25, 4, 1, 'didi (Henri)', '<p>Hihi</p>', '', 0, 1, '2014-05-13 12:16:29', '2014-05-13 12:16:29'),
(26, 4, 1, 'coucou didi', '<p>hahah</p>', '', 0, 1, '2014-05-13 12:27:40', '2014-05-13 12:27:40'),
(27, 4, 1, 'coucou didi', '<p>hahah</p>', '', 0, 1, '2014-05-13 12:29:43', '2014-05-13 12:29:43'),
(28, 4, 1, 'Nom du sujet (Henri)', '<p>test coucou</p>', '', 0, 1, '2014-05-13 12:30:14', '2014-05-13 12:30:14'),
(29, 4, 4, 'coucou', '<p>testt</p>', '', 0, 1, '2014-05-13 12:33:00', '2014-05-13 12:33:00'),
(30, 4, 1, 'sqdfqsdfq', '<p>qsdfqsdfsq</p>', '', 0, 1, '2014-05-13 12:35:33', '2014-05-13 12:35:33'),
(31, 4, 1, 'qsdfsqdfqs', '<p>qsdfqsdfsq</p>', '', 0, 1, '2014-05-13 12:37:19', '2014-05-13 12:37:19'),
(32, 2, 1, 'coucou je suis rené', '<p>hihi</p>', '', 0, 1, '2014-05-13 13:52:46', '2014-05-13 13:52:46'),
(33, 4, 1, 'test je suis Henri Lepic', '<div aria-disabled="false" class="kl_keyboard ui-draggable" style="">\n<div class="kl_hook">\n<div class="kl_kb_close_button">sdfqsdf</div>\n\n<div class="kl_kb_settings_button">Param&egrave;tres</div>\n</div>\n\n<div class="kl_layout">\n<div class="kl_set" id="kl_current_set">\n<div class="kl_button kl_all" focus="return false;" onselectstart="return false;"><canvas class="button_canvas" height="32" width="32">&sect;</canvas></div>\n\n<div class="kl_button kl_all" focus="return false;" onselectstart="return false;"><canvas class="button_canvas" height="32" width="32">1</canvas></div>\n\n<div class="kl_button kl_all" focus="return false;" onselectstart="return false;"><canvas class="button_canvas" height="32" width="32">2</canvas></div>\n\n<div class="kl_button kl_all" focus="return false;" onselectstart="return false;"><canvas class="button_canvas" height="32" width="32">3</canvas></div>\n\n<div class="kl_button kl_all" focus="return false;" onselectstart="return false;"><canvas class="button_canvas" height="32" width="32">4</canvas></div>\n\n<div class="kl_button kl_all" focus="return false;" onselectstart="return false;"><canvas class="button_canvas" height="32" width="32">5</canvas></div>\n\n<div class="kl_button kl_all" focus="return false;" onselectstart="return false;"><canvas class="button_canvas" height="32" width="32">6</canvas></div>\n\n<div class="kl_button kl_all" focus="return false;" onselectstart="return false;"><canvas class="button_canvas" height="32" width="32">7</canvas></div>\n\n<div class="kl_button kl_all" focus="return false;" onselectstart="return false;"><canvas class="button_canvas" height="32" width="32">8</canvas></div>\n\n<div class="kl_button kl_all" focus="return false;" onselectstart="return false;"><canvas class="button_canvas" height="32" width="32">9</canvas></div>\n\n<div class="kl_button kl_all" focus="return false;" onselectstart="return false;"><canvas class="button_canvas" height="32" width="32">0</canvas></div>\n\n<div class="kl_button kl_all" focus="return false;" onselectstart="return false;"><canvas class="button_canvas" height="32" width="32">-</canvas></div>\n\n<div class="kl_button kl_all" focus="return false;" onselectstart="return false;"><canvas class="button_canvas" height="32" width="32">=</canvas></div>\n\n<div class="kl_button kl_system kl_system_backspace" focus="return false;" onselectstart="return false;"><canvas class="system_button_canvas" height="32" width="100">Backspace</canvas></div>\n\n<div class="kl_spacer">&nbsp;</div>\n\n<div class="kl_button kl_system" focus="return false;" onselectstart="return false;"><canvas class="system_button_canvas" height="32" width="32">Tab</canvas></div>\n\n<div class="kl_button kl_all" focus="return false;" onselectstart="return false;"><canvas class="button_canvas" height="32" width="32">q</canvas></div>\n\n<div class="kl_button kl_all" focus="return false;" onselectstart="return false;"><canvas class="button_canvas" height="32" width="32">w</canvas></div>\n\n<div class="kl_button kl_all" focus="return false;" onselectstart="return false;"><canvas class="button_canvas" height="32" width="32">e</canvas></div>\n\n<div class="kl_button kl_all" focus="return false;" onselectstart="return false;"><canvas class="button_canvas" height="32" width="32">r</canvas></div>\n\n<div class="kl_button kl_all" focus="return false;" onselectstart="return false;"><canvas class="button_canvas" height="32" width="32">t</canvas></div>\n\n<div class="kl_button kl_all" focus="return false;" onselectstart="return false;"><canvas class="button_canvas" height="32" width="32">y</canvas></div>\n\n<div class="kl_button kl_all" focus="return false;" onselectstart="return false;"><canvas class="button_canvas" height="32" width="32">u</canvas></div>\n\n<div class="kl_button kl_all" focus="return false;" onselectstart="return false;"><canvas class="button_canvas" height="32" width="32">i</canvas></div>\n\n<div class="kl_button kl_all" focus="return false;" onselectstart="return false;"><canvas class="button_canvas" height="32" width="32">o</canvas></div>\n\n<div class="kl_button kl_all" focus="return false;" onselectstart="return false;"><canvas class="button_canvas" height="32" width="32">p</canvas></div>\n\n<div class="kl_button kl_all" focus="return false;" onselectstart="return false;"><canvas class="button_canvas" height="32" width="32">[</canvas></div>\n\n<div class="kl_button kl_all" focus="return false;" onselectstart="return false;"><canvas class="button_canvas" height="32" width="32">]</canvas></div>\n\n<div class="kl_system kl_system_return" focus="return false;" onselectstart="return false;">\n<div class="kl_return_lower_shadow">&nbsp;</div>\n\n<div class="kl_return_upper"><canvas class="system_button_canvas" height="50" width="100">Return</canvas></div>\n\n<div class="kl_return_lower">&nbsp;</div>\n</div>\n\n<div class="kl_spacer">&nbsp;</div>\n\n<div class="kl_button kl_system kl_system_capslock" focus="return false;" onselectstart="return false;"><canvas class="system_button_canvas" height="32" width="32">capslock</canvas></div>\n\n<div class="kl_button kl_all" focus="return false;" onselectstart="return false;"><canvas class="button_canvas" height="32" width="32">a</canvas></div>\n\n<div class="kl_button kl_all" focus="return false;" onselectstart="return false;"><canvas class="button_canvas" height="32" width="32">s</canvas></div>\n\n<div class="kl_button kl_all" focus="return false;" onselectstart="return false;"><canvas class="button_canvas" height="32" width="32">d</canvas></div>\n\n<div class="kl_button kl_all" focus="return false;" onselectstart="return false;"><canvas class="button_canvas" height="32" width="32">f</canvas></div>\n\n<div class="kl_button kl_all" focus="return false;" onselectstart="return false;"><canvas class="button_canvas" height="32" width="32">g</canvas></div>\n\n<div class="kl_button kl_all" focus="return false;" onselectstart="return false;"><canvas class="button_canvas" height="32" width="32">h</canvas></div>\n\n<div class="kl_button kl_all" focus="return false;" onselectstart="return false;"><canvas class="button_canvas" height="32" width="32">j</canvas></div>\n\n<div class="kl_button kl_all" focus="return false;" onselectstart="return false;"><canvas class="button_canvas" height="32" width="32">k</canvas></div>\n\n<div class="kl_button kl_all" focus="return false;" onselectstart="return false;"><canvas class="button_canvas" height="32" width="32">l</canvas></div>\n\n<div class="kl_button kl_all" focus="return false;" onselectstart="return false;"><canvas class="button_canvas" height="32" width="32">;</canvas></div>\n\n<div class="kl_button kl_all" focus="return false;" onselectstart="return false;"><canvas class="button_canvas" height="32" width="32">&#39;</canvas></div>\n\n<div class="kl_button kl_all" focus="return false;" onselectstart="return false;"><canvas class="button_canvas" height="32" width="32">\\</canvas></div>\n\n<div class="kl_spacer">&nbsp;</div>\n\n<div class="kl_button kl_system kl_system_shift" focus="return false;" onselectstart="return false;"><canvas class="system_button_canvas" height="32" width="32">shift</canvas></div>\n\n<div class="kl_button kl_all" focus="return false;" onselectstart="return false;"><canvas class="button_canvas" height="32" width="32">`</canvas></div>\n\n<div class="kl_button kl_all" focus="return false;" onselectstart="return false;"><canvas class="button_canvas" height="32" width="32">z</canvas></div>\n\n<div class="kl_button kl_all" focus="return false;" onselectstart="return false;"><canvas class="button_canvas" height="32" width="32">x</canvas></div>\n\n<div class="kl_button kl_all" focus="return false;" onselectstart="return false;"><canvas class="button_canvas" height="32" width="32">c</canvas></div>\n\n<div class="kl_button kl_all" focus="return false;" onselectstart="return false;"><canvas class="button_canvas" height="32" width="32">v</canvas></div>\n\n<div class="kl_button kl_all" focus="return false;" onselectstart="return false;"><canvas class="button_canvas" height="32" width="32">b</canvas></div>\n\n<div class="kl_button kl_all" focus="return false;" onselectstart="return false;"><canvas class="button_canvas" height="32" width="32">n</canvas></div>\n\n<div class="kl_button kl_all" focus="return false;" onselectstart="return false;"><canvas class="button_canvas" height="32" width="32">m</canvas></div>\n\n<div class="kl_button kl_all" focus="return false;" onselectstart="return false;"><canvas class="button_canvas" height="32" width="32">,</canvas></div>\n\n<div class="kl_button kl_all" focus="return false;" onselectstart="return false;"><canvas class="button_canvas" height="32" width="32">.</canvas></div>\n\n<div class="kl_button kl_all" focus="return false;" onselectstart="return false;"><canvas class="button_canvas" height="32" width="32">/</canvas></div>\n\n<div class="kl_button kl_system kl_system_shift_right" focus="return false;" onselectstart="return false;"><canvas class="system_button_canvas" height="32" width="32">shift</canvas></div>\n\n<div class="kl_spacer">&nbsp;</div>\n\n<div class="kl_layout_selector kl_top_round_corners kl_bottom_round_corners">\n<div class="kl_layout_selector_icon_button" style="background-image: url(''data:image/png;base64,iVBORw0KGgoAAAANSUhEUgAAABAAAAAOCAYAAAAmL5yKAAAC7mlDQ1BJQ0MgUHJvZmlsZQAAeAGFVM9rE0EU/jZuqdAiCFprDrJ4kCJJWatoRdQ2/RFiawzbH7ZFkGQzSdZuNuvuJrWliOTi0SreRe2hB/+AHnrwZC9KhVpFKN6rKGKhFy3xzW5MtqXqwM5+8943731vdt8ADXLSNPWABOQNx1KiEWlsfEJq/IgAjqIJQTQlVdvsTiQGQYNz+Xvn2HoPgVtWw3v7d7J3rZrStpoHhP1A4Eea2Sqw7xdxClkSAog836Epx3QI3+PY8uyPOU55eMG1Dys9xFkifEA1Lc5/TbhTzSXTQINIOJT1cVI+nNeLlNcdB2luZsbIEL1PkKa7zO6rYqGcTvYOkL2d9H5Os94+wiHCCxmtP0a4jZ71jNU/4mHhpObEhj0cGDX0+GAVtxqp+DXCFF8QTSeiVHHZLg3xmK79VvJKgnCQOMpkYYBzWkhP10xu+LqHBX0m1xOv4ndWUeF5jxNn3tTd70XaAq8wDh0MGgyaDUhQEEUEYZiwUECGPBoxNLJyPyOrBhuTezJ1JGq7dGJEsUF7Ntw9t1Gk3Tz+KCJxlEO1CJL8Qf4qr8lP5Xn5y1yw2Fb3lK2bmrry4DvF5Zm5Gh7X08jjc01efJXUdpNXR5aseXq8muwaP+xXlzHmgjWPxHOw+/EtX5XMlymMFMXjVfPqS4R1WjE3359sfzs94i7PLrXWc62JizdWm5dn/WpI++6qvJPmVflPXvXx/GfNxGPiKTEmdornIYmXxS7xkthLqwviYG3HCJ2VhinSbZH6JNVgYJq89S9dP1t4vUZ/DPVRlBnM0lSJ93/CKmQ0nbkOb/qP28f8F+T3iuefKAIvbODImbptU3HvEKFlpW5zrgIXv9F98LZua6N+OPwEWDyrFq1SNZ8gvAEcdod6HugpmNOWls05Uocsn5O66cpiUsxQ20NSUtcl12VLFrOZVWLpdtiZ0x1uHKE5QvfEp0plk/qv8RGw/bBS+fmsUtl+ThrWgZf6b8C8/UXAeIuJAAAACXBIWXMAAAsTAAALEwEAmpwYAAACW0lEQVQoFZVTbUhTURh+7r5y7qsf+TFMsk1QGlZIBhHGnEmS/dCyEgnKKFpKEBIJJdEHUrEkIqIfRQsyCYp+7Mda0J/AEauEgjKtYa0p0iyabmvudnfXe84d1s98L+d9n/ue933Oc885VwCgo2HMRwr/bSJVJjXkLB+OnopV72rAtbAZD24HkFlII+jrxuTew0BWgu2RF672O/it0qGrSkZneRbaI4dgWl1WzAgMfZESXByNoKdlM2rXd+Hh/SBUeh0MNdVEIHNcV+9Aq1WEs0KHREMTuvt8TKqBEag/fZzGYOladMb8qHcUYdXxbZBFCZnPUUCSCGfRYfyGDSVmfNnowuA5P16PvGEEaoGcfW4iHNbp9chJWZZctMk9B4lAhu3x3cUcA4JGDTGdhqWqspIpwNj2DhiNZkjz80COZchyBNQqHidcOwEVrSUrk9rlZiRTCV7GCX4tZKCJfYWUSIJJUspkwnya3iXKCvxhc5LJiJSp4C+B9d4NrLRalVV5WnHja5yQqdkxNvJPlqAgYGpmBnBtAWkE6lwe1DTdROjHMhQ+8SPUe5k3yORzeT3jqQIUBvx43jOATa1e6rnKazhBqd2KQOAEGgO3MOR7h/2j7F7RZ3PRHGLH1gEMlzeixd0Mb0UUNrslX0Pher8TxZ4LOP10FsdeCIjPTildtNuAluNMIg737rM4+b4I63oPoH+FUsN2SZSGhuH5LuPS27jSSD746iWitXbksln8JDwn050gu3L+DCL72uBuawZCz0S26UxLGQ0TjaUYO8dpRsB0sh+KxaUYu3XiH2vAxzq/eTGQAAAAAElFTkSuQmCC'') !important;">&nbsp;</div>\n\n<div class="kl_layout_selector_label_button">English</div>\n\n<div class="kl_layout_list_container">\n<div class="kl_layout_selector_option_top">&nbsp;</div>\n\n<div class="kl_layout_selector_option kl_layout_selector_option_middle" locale="de" style="display: none;">\n<div class="kl_layout_selector_icon" style="background-image: url(''data:image/png;base64,iVBORw0KGgoAAAANSUhEUgAAABAAAAAOCAYAAAAmL5yKAAAC7mlDQ1BJQ0MgUHJvZmlsZQAAeAGFVM9rE0EU/jZuqdAiCFprDrJ4kCJJWatoRdQ2/RFiawzbH7ZFkGQzSdZuNuvuJrWliOTi0SreRe2hB/+AHnrwZC9KhVpFKN6rKGKhFy3xzW5MtqXqwM5+8943731vdt8ADXLSNPWABOQNx1KiEWlsfEJq/IgAjqIJQTQlVdvsTiQGQYNz+Xvn2HoPgVtWw3v7d7J3rZrStpoHhP1A4Eea2Sqw7xdxClkSAog836Epx3QI3+PY8uyPOU55eMG1Dys9xFkifEA1Lc5/TbhTzSXTQINIOJT1cVI+nNeLlNcdB2luZsbIEL1PkKa7zO6rYqGcTvYOkL2d9H5Os94+wiHCCxmtP0a4jZ71jNU/4mHhpObEhj0cGDX0+GAVtxqp+DXCFF8QTSeiVHHZLg3xmK79VvJKgnCQOMpkYYBzWkhP10xu+LqHBX0m1xOv4ndWUeF5jxNn3tTd70XaAq8wDh0MGgyaDUhQEEUEYZiwUECGPBoxNLJyPyOrBhuTezJ1JGq7dGJEsUF7Ntw9t1Gk3Tz+KCJxlEO1CJL8Qf4qr8lP5Xn5y1yw2Fb3lK2bmrry4DvF5Zm5Gh7X08jjc01efJXUdpNXR5aseXq8muwaP+xXlzHmgjWPxHOw+/EtX5XMlymMFMXjVfPqS4R1WjE3359sfzs94i7PLrXWc62JizdWm5dn/WpI++6qvJPmVflPXvXx/GfNxGPiKTEmdornIYmXxS7xkthLqwviYG3HCJ2VhinSbZH6JNVgYJq89S9dP1t4vUZ/DPVRlBnM0lSJ93/CKmQ0nbkOb/qP28f8F+T3iuefKAIvbODImbptU3HvEKFlpW5zrgIXv9F98LZua6N+OPwEWDyrFq1SNZ8gvAEcdod6HugpmNOWls05Uocsn5O66cpiUsxQ20NSUtcl12VLFrOZVWLpdtiZ0x1uHKE5QvfEp0plk/qv8RGw/bBS+fmsUtl+ThrWgZf6b8C8/UXAeIuJAAAACXBIWXMAAAsTAAALEwEAmpwYAAABG0lEQVQoFZVTu26EMBAc8CmKdHe5UCRNuvsBdPxFfjVlviFVCiTaFCkiRYquQXAP8/I5sw4IrgCRkdb2emfGayw8ADeMVTtzmo2KzOOCwyaKov1s2YAYx/GjGCyNMQjDcFAaX3qeB2stkiQR0lIMVF3XyPMcaZpeKYUoENEQQRBANIQSA5dkWQaJOfB9vzOAM3jJLrhbnGAOJdhf7yEnD/O2osoTcmp2zJ2BLkrcfnzBmGMvnlipnxW0u31noCvcGwuLy4SsL1l+dK3/uK6Dh9c9tlsS5ukB/4zmk/xnLsX3rDkMri57kyDXaUhyHRRFS79+rUmPTiMGVdMAb++T/LFiJWduGE+M9RhrZP/A/W8xUAz5oWT+DwzJ1S8JoWjm5fjFnAAAAABJRU5ErkJggg=='') !important;">&nbsp;</div>\n\n<div class="kl_layout_selector_label">Deutsch</div>\n</div>\n\n<div class="kl_layout_selector_option kl_layout_selector_option_middle" locale="es" style="display: none;">\n<div class="kl_layout_selector_icon" style="background-image: url(''data:image/png;base64,iVBORw0KGgoAAAANSUhEUgAAABAAAAAOCAYAAAAmL5yKAAAC7mlDQ1BJQ0MgUHJvZmlsZQAAeAGFVM9rE0EU/jZuqdAiCFprDrJ4kCJJWatoRdQ2/RFiawzbH7ZFkGQzSdZuNuvuJrWliOTi0SreRe2hB/+AHnrwZC9KhVpFKN6rKGKhFy3xzW5MtqXqwM5+8943731vdt8ADXLSNPWABOQNx1KiEWlsfEJq/IgAjqIJQTQlVdvsTiQGQYNz+Xvn2HoPgVtWw3v7d7J3rZrStpoHhP1A4Eea2Sqw7xdxClkSAog836Epx3QI3+PY8uyPOU55eMG1Dys9xFkifEA1Lc5/TbhTzSXTQINIOJT1cVI+nNeLlNcdB2luZsbIEL1PkKa7zO6rYqGcTvYOkL2d9H5Os94+wiHCCxmtP0a4jZ71jNU/4mHhpObEhj0cGDX0+GAVtxqp+DXCFF8QTSeiVHHZLg3xmK79VvJKgnCQOMpkYYBzWkhP10xu+LqHBX0m1xOv4ndWUeF5jxNn3tTd70XaAq8wDh0MGgyaDUhQEEUEYZiwUECGPBoxNLJyPyOrBhuTezJ1JGq7dGJEsUF7Ntw9t1Gk3Tz+KCJxlEO1CJL8Qf4qr8lP5Xn5y1yw2Fb3lK2bmrry4DvF5Zm5Gh7X08jjc01efJXUdpNXR5aseXq8muwaP+xXlzHmgjWPxHOw+/EtX5XMlymMFMXjVfPqS4R1WjE3359sfzs94i7PLrXWc62JizdWm5dn/WpI++6qvJPmVflPXvXx/GfNxGPiKTEmdornIYmXxS7xkthLqwviYG3HCJ2VhinSbZH6JNVgYJq89S9dP1t4vUZ/DPVRlBnM0lSJ93/CKmQ0nbkOb/qP28f8F+T3iuefKAIvbODImbptU3HvEKFlpW5zrgIXv9F98LZua6N+OPwEWDyrFq1SNZ8gvAEcdod6HugpmNOWls05Uocsn5O66cpiUsxQ20NSUtcl12VLFrOZVWLpdtiZ0x1uHKE5QvfEp0plk/qv8RGw/bBS+fmsUtl+ThrWgZf6b8C8/UXAeIuJAAAACXBIWXMAAAsTAAALEwEAmpwYAAABbklEQVQoFZVTTUsDMRB9cduKW0XbiuAnfuBJUUR/gl4Ff6c3L969CGIRob1URC9drP2Sdrfbprtd36QKdntofTAJmcx7mcwkCkCKNv8zc5oampFugsPi2+HZZ4QBFGamZkvgTuFxRQTSGISwT46nIysFRBH8p2eJT4uAFek+wlYbYb0xKsJAAyH9gZXLQjiEJQLYyhdgpZJUdtD1bbi1FJY2XCRUINvjUGsIdYGXB4xAj+Wwkw7cRgXVm020Sjn4lxq5ozLsOfJHEzCCPZMAhlXzO/QNKui/ZPF++4F68xxR7QqBI35aGLcKfI8+wpS9IwKyCJaR2e+jlL+Gd3/H9dA/lgEz+uWYK5gFT6kelLCaAS72HATbr3B3+UAkgzjoGxEonorOLCJ4aJpg34xfHMXiUOx8EVIEPSxiFwHJ7AKkYpMhj65LskCO1lKjB/hjV5WACdDSIHYT67SFCcHx7TYdZRGwaPKhZP4PJHH9DdVbglfXvCJbAAAAAElFTkSuQmCC'') !important;">&nbsp;</div>\n\n<div class="kl_layout_selector_label">Espa&ntilde;ol</div>\n</div>\n\n<div class="kl_layout_selector_option kl_layout_selector_option_middle" locale="fr" style="display: none;">\n<div class="kl_layout_selector_icon" style="background-image: url(''data:image/png;base64,iVBORw0KGgoAAAANSUhEUgAAABAAAAANCAYAAACgu+4kAAAC7mlDQ1BJQ0MgUHJvZmlsZQAAeAGFVM9rE0EU/jZuqdAiCFprDrJ4kCJJWatoRdQ2/RFiawzbH7ZFkGQzSdZuNuvuJrWliOTi0SreRe2hB/+AHnrwZC9KhVpFKN6rKGKhFy3xzW5MtqXqwM5+8943731vdt8ADXLSNPWABOQNx1KiEWlsfEJq/IgAjqIJQTQlVdvsTiQGQYNz+Xvn2HoPgVtWw3v7d7J3rZrStpoHhP1A4Eea2Sqw7xdxClkSAog836Epx3QI3+PY8uyPOU55eMG1Dys9xFkifEA1Lc5/TbhTzSXTQINIOJT1cVI+nNeLlNcdB2luZsbIEL1PkKa7zO6rYqGcTvYOkL2d9H5Os94+wiHCCxmtP0a4jZ71jNU/4mHhpObEhj0cGDX0+GAVtxqp+DXCFF8QTSeiVHHZLg3xmK79VvJKgnCQOMpkYYBzWkhP10xu+LqHBX0m1xOv4ndWUeF5jxNn3tTd70XaAq8wDh0MGgyaDUhQEEUEYZiwUECGPBoxNLJyPyOrBhuTezJ1JGq7dGJEsUF7Ntw9t1Gk3Tz+KCJxlEO1CJL8Qf4qr8lP5Xn5y1yw2Fb3lK2bmrry4DvF5Zm5Gh7X08jjc01efJXUdpNXR5aseXq8muwaP+xXlzHmgjWPxHOw+/EtX5XMlymMFMXjVfPqS4R1WjE3359sfzs94i7PLrXWc62JizdWm5dn/WpI++6qvJPmVflPXvXx/GfNxGPiKTEmdornIYmXxS7xkthLqwviYG3HCJ2VhinSbZH6JNVgYJq89S9dP1t4vUZ/DPVRlBnM0lSJ93/CKmQ0nbkOb/qP28f8F+T3iuefKAIvbODImbptU3HvEKFlpW5zrgIXv9F98LZua6N+OPwEWDyrFq1SNZ8gvAEcdod6HugpmNOWls05Uocsn5O66cpiUsxQ20NSUtcl12VLFrOZVWLpdtiZ0x1uHKE5QvfEp0plk/qv8RGw/bBS+fmsUtl+ThrWgZf6b8C8/UXAeIuJAAAACXBIWXMAAAsTAAALEwEAmpwYAAABPUlEQVQoFY1Sy07DMBAcp7QcAooQEhdOHJGKUMU38Flc+C5O+YBygF4B8Tr0kJI0JH7EMWsnTZoQHmut7VnvTiZrMwAT8r16peXfJikz3aEpmE2vlv2y+d11J7S4uOxgC6bzmyNL4Gtd4nx28i1hO+CfnVaQMcAYpLf3FvuWYKSURpJwrKJ1lTQw86fnJjo+PIBRyuKRJYCUEvEqRfzxaeGg6bglZ94ISgmX5wgE54iiFOk6s+oGTcVJE7cpgtseApUCnuP1YYlM5C44NInH9yasgxj5xHO4IqBCQ4pKGj9be2ZUgayspDoCJSQ87P5KYLbITaHBi8J9y+lQEO6YEc3G+0oYnWwGpEEm3S3UPYB0m3EF+7U1dmLd3v4qR0tA7dTI8NIpDMOwgxcYvGJJzwoB+TH5fqfib2AfxtsX0zCBpMQ+chEAAAAASUVORK5CYII='') !important;">&nbsp;</div>\n\n<div class="kl_layout_selector_label">Fran&ccedil;ais</div>\n</div>\n\n<div class="kl_layout_selector_option kl_layout_selector_option_middle" locale="it" style="display: none;">\n<div class="kl_layout_selector_icon" style="background-image: url(''data:image/png;base64,iVBORw0KGgoAAAANSUhEUgAAABAAAAAOCAYAAAAmL5yKAAAC7mlDQ1BJQ0MgUHJvZmlsZQAAeAGFVM9rE0EU/jZuqdAiCFprDrJ4kCJJWatoRdQ2/RFiawzbH7ZFkGQzSdZuNuvuJrWliOTi0SreRe2hB/+AHnrwZC9KhVpFKN6rKGKhFy3xzW5MtqXqwM5+8943731vdt8ADXLSNPWABOQNx1KiEWlsfEJq/IgAjqIJQTQlVdvsTiQGQYNz+Xvn2HoPgVtWw3v7d7J3rZrStpoHhP1A4Eea2Sqw7xdxClkSAog836Epx3QI3+PY8uyPOU55eMG1Dys9xFkifEA1Lc5/TbhTzSXTQINIOJT1cVI+nNeLlNcdB2luZsbIEL1PkKa7zO6rYqGcTvYOkL2d9H5Os94+wiHCCxmtP0a4jZ71jNU/4mHhpObEhj0cGDX0+GAVtxqp+DXCFF8QTSeiVHHZLg3xmK79VvJKgnCQOMpkYYBzWkhP10xu+LqHBX0m1xOv4ndWUeF5jxNn3tTd70XaAq8wDh0MGgyaDUhQEEUEYZiwUECGPBoxNLJyPyOrBhuTezJ1JGq7dGJEsUF7Ntw9t1Gk3Tz+KCJxlEO1CJL8Qf4qr8lP5Xn5y1yw2Fb3lK2bmrry4DvF5Zm5Gh7X08jjc01efJXUdpNXR5aseXq8muwaP+xXlzHmgjWPxHOw+/EtX5XMlymMFMXjVfPqS4R1WjE3359sfzs94i7PLrXWc62JizdWm5dn/WpI++6qvJPmVflPXvXx/GfNxGPiKTEmdornIYmXxS7xkthLqwviYG3HCJ2VhinSbZH6JNVgYJq89S9dP1t4vUZ/DPVRlBnM0lSJ93/CKmQ0nbkOb/qP28f8F+T3iuefKAIvbODImbptU3HvEKFlpW5zrgIXv9F98LZua6N+OPwEWDyrFq1SNZ8gvAEcdod6HugpmNOWls05Uocsn5O66cpiUsxQ20NSUtcl12VLFrOZVWLpdtiZ0x1uHKE5QvfEp0plk/qv8RGw/bBS+fmsUtl+ThrWgZf6b8C8/UXAeIuJAAAACXBIWXMAAAsTAAALEwEAmpwYAAABVElEQVQoFZVTS07DMBB9TtKwKKWCBRJix4IF6hXYIK7BBbgPF+Ae3VScAJYsqiJRIVhU5Gs7js3YifIjCLA0nnnjNy+jscMAhGT7tSf35yWJmQS0za/ub9+HZcubu15qfXndwxacPSyPrcBU6xKLk/NvhG5ib3HhoAcGDQP++GTx1Ar4hVaIRYpdHjnS2KY2mybtHx3CFMpi3wpAygJRniAm+2mVUdwcMd+HktzhSkBw7HiEVGbUnGmI3UB/tt0poghuZwg4AZELbM0bMpF1a3qxfNk22DuIkAWew7VADi8MYYxuSMNA686ZKpC5EdQdSC4QzAISGG/fiXUEWFGCm0rB9aFIAB3C8OsOMwbUZueUVbdQzUCJwg0vqC5ltN6bTNp8Se9AtEOUhhLJ80dLoGi1WvXwOh29Ykl9YU52SjbrVfwO7MN4tQI+mf2hrP/PKoksvwArhYzX7rtqFAAAAABJRU5ErkJggg=='') !important;">&nbsp;</div>\n\n<div class="kl_layout_selector_label">Italiano</div>\n</div>\n\n<div class="kl_layout_selector_option kl_layout_selector_option_middle" locale="pl" style="display: none;">\n<div class="kl_layout_selector_icon" style="background-image: url(''data:image/png;base64,iVBORw0KGgoAAAANSUhEUgAAABAAAAAOCAYAAAAmL5yKAAAC7mlDQ1BJQ0MgUHJvZmlsZQAAeAGFVM9rE0EU/jZuqdAiCFprDrJ4kCJJWatoRdQ2/RFiawzbH7ZFkGQzSdZuNuvuJrWliOTi0SreRe2hB/+AHnrwZC9KhVpFKN6rKGKhFy3xzW5MtqXqwM5+8943731vdt8ADXLSNPWABOQNx1KiEWlsfEJq/IgAjqIJQTQlVdvsTiQGQYNz+Xvn2HoPgVtWw3v7d7J3rZrStpoHhP1A4Eea2Sqw7xdxClkSAog836Epx3QI3+PY8uyPOU55eMG1Dys9xFkifEA1Lc5/TbhTzSXTQINIOJT1cVI+nNeLlNcdB2luZsbIEL1PkKa7zO6rYqGcTvYOkL2d9H5Os94+wiHCCxmtP0a4jZ71jNU/4mHhpObEhj0cGDX0+GAVtxqp+DXCFF8QTSeiVHHZLg3xmK79VvJKgnCQOMpkYYBzWkhP10xu+LqHBX0m1xOv4ndWUeF5jxNn3tTd70XaAq8wDh0MGgyaDUhQEEUEYZiwUECGPBoxNLJyPyOrBhuTezJ1JGq7dGJEsUF7Ntw9t1Gk3Tz+KCJxlEO1CJL8Qf4qr8lP5Xn5y1yw2Fb3lK2bmrry4DvF5Zm5Gh7X08jjc01efJXUdpNXR5aseXq8muwaP+xXlzHmgjWPxHOw+/EtX5XMlymMFMXjVfPqS4R1WjE3359sfzs94i7PLrXWc62JizdWm5dn/WpI++6qvJPmVflPXvXx/GfNxGPiKTEmdornIYmXxS7xkthLqwviYG3HCJ2VhinSbZH6JNVgYJq89S9dP1t4vUZ/DPVRlBnM0lSJ93/CKmQ0nbkOb/qP28f8F+T3iuefKAIvbODImbptU3HvEKFlpW5zrgIXv9F98LZua6N+OPwEWDyrFq1SNZ8gvAEcdod6HugpmNOWls05Uocsn5O66cpiUsxQ20NSUtcl12VLFrOZVWLpdtiZ0x1uHKE5QvfEp0plk/qv8RGw/bBS+fmsUtl+ThrWgZf6b8C8/UXAeIuJAAAACXBIWXMAAAsTAAALEwEAmpwYAAAA5ElEQVQoFZVTSw6CMBB95WNiwIAbNx7Apfc/g1uv4MaNJqJA+YwzRZJZgJQmQ2em7z2m09YA2LClv5kn72EZWUT8yYjo7k1TQGPMIeA4Ubm1biIC4VqWwocigLZtVc7PHTlOoK5rP5ZCjRxpIq6nM/ZNh/5ZKMi8G+QpHvGwcydQcgV5ZwBL8yy1Qvyzsh+27QSq0sIEIQi9gs27hntW2c4BnMDHNqBY2sFVeAzqCJ+mccihAg4oioGtCxcliHpUSoCLIVzK9yJxAmCl5oztyLabAPxLvXjxJgJyHvKg1t5I6aL9AtuETWwlOflvAAAAAElFTkSuQmCC'') !important;">&nbsp;</div>\n\n<div class="kl_layout_selector_label">Polski</div>\n</div>\n\n<div class="kl_layout_selector_option kl_layout_selector_option_middle" locale="pt" style="display: none;">\n<div class="kl_layout_selector_icon" style="background-image: url(''data:image/png;base64,iVBORw0KGgoAAAANSUhEUgAAABAAAAAOCAYAAAAmL5yKAAAC7mlDQ1BJQ0MgUHJvZmlsZQAAeAGFVM9rE0EU/jZuqdAiCFprDrJ4kCJJWatoRdQ2/RFiawzbH7ZFkGQzSdZuNuvuJrWliOTi0SreRe2hB/+AHnrwZC9KhVpFKN6rKGKhFy3xzW5MtqXqwM5+8943731vdt8ADXLSNPWABOQNx1KiEWlsfEJq/IgAjqIJQTQlVdvsTiQGQYNz+Xvn2HoPgVtWw3v7d7J3rZrStpoHhP1A4Eea2Sqw7xdxClkSAog836Epx3QI3+PY8uyPOU55eMG1Dys9xFkifEA1Lc5/TbhTzSXTQINIOJT1cVI+nNeLlNcdB2luZsbIEL1PkKa7zO6rYqGcTvYOkL2d9H5Os94+wiHCCxmtP0a4jZ71jNU/4mHhpObEhj0cGDX0+GAVtxqp+DXCFF8QTSeiVHHZLg3xmK79VvJKgnCQOMpkYYBzWkhP10xu+LqHBX0m1xOv4ndWUeF5jxNn3tTd70XaAq8wDh0MGgyaDUhQEEUEYZiwUECGPBoxNLJyPyOrBhuTezJ1JGq7dGJEsUF7Ntw9t1Gk3Tz+KCJxlEO1CJL8Qf4qr8lP5Xn5y1yw2Fb3lK2bmrry4DvF5Zm5Gh7X08jjc01efJXUdpNXR5aseXq8muwaP+xXlzHmgjWPxHOw+/EtX5XMlymMFMXjVfPqS4R1WjE3359sfzs94i7PLrXWc62JizdWm5dn/WpI++6qvJPmVflPXvXx/GfNxGPiKTEmdornIYmXxS7xkthLqwviYG3HCJ2VhinSbZH6JNVgYJq89S9dP1t4vUZ/DPVRlBnM0lSJ93/CKmQ0nbkOb/qP28f8F+T3iuefKAIvbODImbptU3HvEKFlpW5zrgIXv9F98LZua6N+OPwEWDyrFq1SNZ8gvAEcdod6HugpmNOWls05Uocsn5O66cpiUsxQ20NSUtcl12VLFrOZVWLpdtiZ0x1uHKE5QvfEp0plk/qv8RGw/bBS+fmsUtl+ThrWgZf6b8C8/UXAeIuJAAAACXBIWXMAAAsTAAALEwEAmpwYAAAB8ElEQVQoFZWSz2pTURDGf/fe5DYxiUmttDVSRFBwYVcFlwqCD9C1L+CjuFWfoOJCEFy4K27UhS5KN0IQkSLF1jZpQyTJ/X/uOc65N1WkXdiBOcMM33znmznHAXzx5ixK+G9LBTmtyNG+++LR4KQtdxw8Y9h49uWkdCoabahe6rCy+WbREjTyXLO6fKMAasfFNZr6qnuqsSw4GK3Idvds2rAEnsoVkyRiGE3QFc0Vd0p/YY/5bQcnB1Nxyt7Z6bYvgsps5lkCMpUyiqek6hf38j6twxg9GDO45TPfE9RIbv1HkCFL7QqgIIjjmKMg5H63x8PtKcFoHb3ikQw3GV8/pv3+AqYqaFP0yAg5iYxtrSBIo4RA7zOc+8an7x28B+tknQbXnjwn6O5Q+3EZLH6mwmnVCZek9ocgjlCVOv2sSdgac/vjKzK/iX9nl9qOoAq1s+slNVlOlCS2v+RMQ0EYxefjLr21iHd6g7mtx+ihova2JTDZZCHBytA4aSYE5Q4KUSqJC1CQ1nn5c43XNxeIfZfFpx3cA/vP7Cv8daMMUVoqKHagEiXf0eBXXXKnwkGyxPKHQ/K69J1hJtbEyqoql5iiNOHXo6KgRZMrSreioMjPOoyM4ely/1ZXW/yquB32PDYR8L4l8MTtoDaex+wM6W+StdCJDVH2GgAAAABJRU5ErkJggg=='') !important;">&nbsp;</div>\n\n<div class="kl_layout_selector_label">Portugu&ecirc;s</div>\n</div>\n\n<div class="kl_layout_selector_option kl_layout_selector_option_middle" locale="ru" style="display: none;">\n<div class="kl_layout_selector_icon" style="background-image: url(''data:image/png;base64,iVBORw0KGgoAAAANSUhEUgAAABAAAAANCAYAAACgu+4kAAAC7mlDQ1BJQ0MgUHJvZmlsZQAAeAGFVM9rE0EU/jZuqdAiCFprDrJ4kCJJWatoRdQ2/RFiawzbH7ZFkGQzSdZuNuvuJrWliOTi0SreRe2hB/+AHnrwZC9KhVpFKN6rKGKhFy3xzW5MtqXqwM5+8943731vdt8ADXLSNPWABOQNx1KiEWlsfEJq/IgAjqIJQTQlVdvsTiQGQYNz+Xvn2HoPgVtWw3v7d7J3rZrStpoHhP1A4Eea2Sqw7xdxClkSAog836Epx3QI3+PY8uyPOU55eMG1Dys9xFkifEA1Lc5/TbhTzSXTQINIOJT1cVI+nNeLlNcdB2luZsbIEL1PkKa7zO6rYqGcTvYOkL2d9H5Os94+wiHCCxmtP0a4jZ71jNU/4mHhpObEhj0cGDX0+GAVtxqp+DXCFF8QTSeiVHHZLg3xmK79VvJKgnCQOMpkYYBzWkhP10xu+LqHBX0m1xOv4ndWUeF5jxNn3tTd70XaAq8wDh0MGgyaDUhQEEUEYZiwUECGPBoxNLJyPyOrBhuTezJ1JGq7dGJEsUF7Ntw9t1Gk3Tz+KCJxlEO1CJL8Qf4qr8lP5Xn5y1yw2Fb3lK2bmrry4DvF5Zm5Gh7X08jjc01efJXUdpNXR5aseXq8muwaP+xXlzHmgjWPxHOw+/EtX5XMlymMFMXjVfPqS4R1WjE3359sfzs94i7PLrXWc62JizdWm5dn/WpI++6qvJPmVflPXvXx/GfNxGPiKTEmdornIYmXxS7xkthLqwviYG3HCJ2VhinSbZH6JNVgYJq89S9dP1t4vUZ/DPVRlBnM0lSJ93/CKmQ0nbkOb/qP28f8F+T3iuefKAIvbODImbptU3HvEKFlpW5zrgIXv9F98LZua6N+OPwEWDyrFq1SNZ8gvAEcdod6HugpmNOWls05Uocsn5O66cpiUsxQ20NSUtcl12VLFrOZVWLpdtiZ0x1uHKE5QvfEp0plk/qv8RGw/bBS+fmsUtl+ThrWgZf6b8C8/UXAeIuJAAAACXBIWXMAAAsTAAALEwEAmpwYAAAA+UlEQVQoFZVQW27CMBAcJyFQwkOAxA9/baWepTfoBTlDD9EroP5U7QcSIBSSEMfxdteAZAmkJCutvbOeGa9WAYg5R9ebr9ahmXmK+JgS0ba1zCMqpZYB48TrdS0TMQi7qjx+KAYwxni9duVNIzvA28ca88UM6akEeXrFtY9vT5NRH/vdwUFnUJYFfv4CZLkstjmOwxgRCke8GOQFKB7C2kf/3RsaQ6j1xUCmfPlMlpvnIIRNz/fsB51gPMC3rfGebV/dBLmuQD3Zp/g1B9WEvKoc0RmcGVDUA54cbHQgshCNhCh0zbv+KjLX6HhomXnKueIcdxSnzP/9B9NWUmzSO7dBAAAAAElFTkSuQmCC'') !important;">&nbsp;</div>\n\n<div class="kl_layout_selector_label">Русский</div>\n</div>\n\n<div class="kl_layout_selector_option_bottom">&nbsp;</div>\n</div>\n</div>\n\n<div class="kl_button kl_system kl_system_alt" focus="return false;" onselectstart="return false;"><canvas class="button_canvas" height="32" width="32">alt</canvas></div>\n\n<div class="kl_button kl_system kl_system_space" focus="return false;" onselectstart="return false;"><canvas class="button_canvas" height="32" width="32"> </canvas></div>\n\n<div class="kl_button kl_system kl_system_alt" focus="return false;" onselectstart="return false;"><canvas class="button_canvas" height="32" width="32">alt</canvas></div>\n\n<div class="kl_spacer">&nbsp;</div>\n</div>\n</div>\n</div>\n\n<div class="kl_keyboard ui-draggable" style="">\n<div class="kl_hook">\n<div class="kl_kb_close_button">&nbsp;</div>\n\n<div class="kl_kb_settings_button">Param&egrave;tres</div>\n</div>\n</div>', '', 0, 1, '2014-05-13 13:56:24', '2014-05-13 13:56:24');
INSERT INTO `forum` (`id`, `user_id`, `forum_category_id`, `title`, `text`, `keywords`, `is_solved`, `is_online`, `created_at`, `updated_at`) VALUES
(34, 4, 1, 'test je suis Henri Lepic', '<p>sdfqsdf</p>\n\n<p>&nbsp;</p>\n\n<p>Param&egrave;tres</p>\n\n<div aria-disabled="false" class="kl_keyboard ui-draggable" style="">\n<div class="kl_hook">\n<div class="kl_kb_close_button">&nbsp;</div>\n\n<div class="kl_kb_settings_button">Param&egrave;tres</div>\n</div>\n\n<div class="kl_layout">\n<div class="kl_set" id="kl_current_set">\n<div class="kl_button kl_all" focus="return false;" onselectstart="return false;"><canvas class="button_canvas" height="32" width="32">&sect;</canvas></div>\n\n<div class="kl_button kl_all" focus="return false;" onselectstart="return false;"><canvas class="button_canvas" height="32" width="32">1</canvas></div>\n\n<div class="kl_button kl_all" focus="return false;" onselectstart="return false;"><canvas class="button_canvas" height="32" width="32">2</canvas></div>\n\n<div class="kl_button kl_all" focus="return false;" onselectstart="return false;"><canvas class="button_canvas" height="32" width="32">3</canvas></div>\n\n<div class="kl_button kl_all" focus="return false;" onselectstart="return false;"><canvas class="button_canvas" height="32" width="32">4</canvas></div>\n\n<div class="kl_button kl_all" focus="return false;" onselectstart="return false;"><canvas class="button_canvas" height="32" width="32">5</canvas></div>\n\n<div class="kl_button kl_all" focus="return false;" onselectstart="return false;"><canvas class="button_canvas" height="32" width="32">6</canvas></div>\n\n<div class="kl_button kl_all" focus="return false;" onselectstart="return false;"><canvas class="button_canvas" height="32" width="32">7</canvas></div>\n\n<div class="kl_button kl_all" focus="return false;" onselectstart="return false;"><canvas class="button_canvas" height="32" width="32">8</canvas></div>\n\n<div class="kl_button kl_all" focus="return false;" onselectstart="return false;"><canvas class="button_canvas" height="32" width="32">9</canvas></div>\n\n<div class="kl_button kl_all" focus="return false;" onselectstart="return false;"><canvas class="button_canvas" height="32" width="32">0</canvas></div>\n\n<div class="kl_button kl_all" focus="return false;" onselectstart="return false;"><canvas class="button_canvas" height="32" width="32">-</canvas></div>\n\n<div class="kl_button kl_all" focus="return false;" onselectstart="return false;"><canvas class="button_canvas" height="32" width="32">=</canvas></div>\n\n<div class="kl_button kl_system kl_system_backspace" focus="return false;" onselectstart="return false;"><canvas class="system_button_canvas" height="32" width="100">Backspace</canvas></div>\n\n<div class="kl_spacer">&nbsp;</div>\n\n<div class="kl_button kl_system" focus="return false;" onselectstart="return false;"><canvas class="system_button_canvas" height="32" width="32">Tab</canvas></div>\n\n<div class="kl_button kl_all" focus="return false;" onselectstart="return false;"><canvas class="button_canvas" height="32" width="32">q</canvas></div>\n\n<div class="kl_button kl_all" focus="return false;" onselectstart="return false;"><canvas class="button_canvas" height="32" width="32">w</canvas></div>\n\n<div class="kl_button kl_all" focus="return false;" onselectstart="return false;"><canvas class="button_canvas" height="32" width="32">e</canvas></div>\n\n<div class="kl_button kl_all" focus="return false;" onselectstart="return false;"><canvas class="button_canvas" height="32" width="32">r</canvas></div>\n\n<div class="kl_button kl_all" focus="return false;" onselectstart="return false;"><canvas class="button_canvas" height="32" width="32">t</canvas></div>\n\n<div class="kl_button kl_all" focus="return false;" onselectstart="return false;"><canvas class="button_canvas" height="32" width="32">y</canvas></div>\n\n<div class="kl_button kl_all" focus="return false;" onselectstart="return false;"><canvas class="button_canvas" height="32" width="32">u</canvas></div>\n\n<div class="kl_button kl_all" focus="return false;" onselectstart="return false;"><canvas class="button_canvas" height="32" width="32">i</canvas></div>\n\n<div class="kl_button kl_all" focus="return false;" onselectstart="return false;"><canvas class="button_canvas" height="32" width="32">o</canvas></div>\n\n<div class="kl_button kl_all" focus="return false;" onselectstart="return false;"><canvas class="button_canvas" height="32" width="32">p</canvas></div>\n\n<div class="kl_button kl_all" focus="return false;" onselectstart="return false;"><canvas class="button_canvas" height="32" width="32">[</canvas></div>\n\n<div class="kl_button kl_all" focus="return false;" onselectstart="return false;"><canvas class="button_canvas" height="32" width="32">]</canvas></div>\n\n<div class="kl_system kl_system_return" focus="return false;" onselectstart="return false;">\n<div class="kl_return_lower_shadow">&nbsp;</div>\n\n<div class="kl_return_upper"><canvas class="system_button_canvas" height="50" width="100">Return</canvas></div>\n\n<div class="kl_return_lower">&nbsp;</div>\n</div>\n\n<div class="kl_spacer">&nbsp;</div>\n\n<div class="kl_button kl_system kl_system_capslock" focus="return false;" onselectstart="return false;"><canvas class="system_button_canvas" height="32" width="32">capslock</canvas></div>\n\n<div class="kl_button kl_all" focus="return false;" onselectstart="return false;"><canvas class="button_canvas" height="32" width="32">a</canvas></div>\n\n<div class="kl_button kl_all" focus="return false;" onselectstart="return false;"><canvas class="button_canvas" height="32" width="32">s</canvas></div>\n\n<div class="kl_button kl_all" focus="return false;" onselectstart="return false;"><canvas class="button_canvas" height="32" width="32">d</canvas></div>\n\n<div class="kl_button kl_all" focus="return false;" onselectstart="return false;"><canvas class="button_canvas" height="32" width="32">f</canvas></div>\n\n<div class="kl_button kl_all" focus="return false;" onselectstart="return false;"><canvas class="button_canvas" height="32" width="32">g</canvas></div>\n\n<div class="kl_button kl_all" focus="return false;" onselectstart="return false;"><canvas class="button_canvas" height="32" width="32">h</canvas></div>\n\n<div class="kl_button kl_all" focus="return false;" onselectstart="return false;"><canvas class="button_canvas" height="32" width="32">j</canvas></div>\n\n<div class="kl_button kl_all" focus="return false;" onselectstart="return false;"><canvas class="button_canvas" height="32" width="32">k</canvas></div>\n\n<div class="kl_button kl_all" focus="return false;" onselectstart="return false;"><canvas class="button_canvas" height="32" width="32">l</canvas></div>\n\n<div class="kl_button kl_all" focus="return false;" onselectstart="return false;"><canvas class="button_canvas" height="32" width="32">;</canvas></div>\n\n<div class="kl_button kl_all" focus="return false;" onselectstart="return false;"><canvas class="button_canvas" height="32" width="32">&#39;</canvas></div>\n\n<div class="kl_button kl_all" focus="return false;" onselectstart="return false;"><canvas class="button_canvas" height="32" width="32">\\</canvas></div>\n\n<div class="kl_spacer">&nbsp;</div>\n\n<div class="kl_button kl_system kl_system_shift" focus="return false;" onselectstart="return false;"><canvas class="system_button_canvas" height="32" width="32">shift</canvas></div>\n\n<div class="kl_button kl_all" focus="return false;" onselectstart="return false;"><canvas class="button_canvas" height="32" width="32">`</canvas></div>\n\n<div class="kl_button kl_all" focus="return false;" onselectstart="return false;"><canvas class="button_canvas" height="32" width="32">z</canvas></div>\n\n<div class="kl_button kl_all" focus="return false;" onselectstart="return false;"><canvas class="button_canvas" height="32" width="32">x</canvas></div>\n\n<div class="kl_button kl_all" focus="return false;" onselectstart="return false;"><canvas class="button_canvas" height="32" width="32">c</canvas></div>\n\n<div class="kl_button kl_all" focus="return false;" onselectstart="return false;"><canvas class="button_canvas" height="32" width="32">v</canvas></div>\n\n<div class="kl_button kl_all" focus="return false;" onselectstart="return false;"><canvas class="button_canvas" height="32" width="32">b</canvas></div>\n\n<div class="kl_button kl_all" focus="return false;" onselectstart="return false;"><canvas class="button_canvas" height="32" width="32">n</canvas></div>\n\n<div class="kl_button kl_all" focus="return false;" onselectstart="return false;"><canvas class="button_canvas" height="32" width="32">m</canvas></div>\n\n<div class="kl_button kl_all" focus="return false;" onselectstart="return false;"><canvas class="button_canvas" height="32" width="32">,</canvas></div>\n\n<div class="kl_button kl_all" focus="return false;" onselectstart="return false;"><canvas class="button_canvas" height="32" width="32">.</canvas></div>\n\n<div class="kl_button kl_all" focus="return false;" onselectstart="return false;"><canvas class="button_canvas" height="32" width="32">/</canvas></div>\n\n<div class="kl_button kl_system kl_system_shift_right" focus="return false;" onselectstart="return false;"><canvas class="system_button_canvas" height="32" width="32">shift</canvas></div>\n\n<div class="kl_spacer">&nbsp;</div>\n\n<div class="kl_layout_selector kl_top_round_corners kl_bottom_round_corners">\n<div class="kl_layout_selector_icon_button" style="background-image: url(''data:image/png;base64,iVBORw0KGgoAAAANSUhEUgAAABAAAAAOCAYAAAAmL5yKAAAC7mlDQ1BJQ0MgUHJvZmlsZQAAeAGFVM9rE0EU/jZuqdAiCFprDrJ4kCJJWatoRdQ2/RFiawzbH7ZFkGQzSdZuNuvuJrWliOTi0SreRe2hB/+AHnrwZC9KhVpFKN6rKGKhFy3xzW5MtqXqwM5+8943731vdt8ADXLSNPWABOQNx1KiEWlsfEJq/IgAjqIJQTQlVdvsTiQGQYNz+Xvn2HoPgVtWw3v7d7J3rZrStpoHhP1A4Eea2Sqw7xdxClkSAog836Epx3QI3+PY8uyPOU55eMG1Dys9xFkifEA1Lc5/TbhTzSXTQINIOJT1cVI+nNeLlNcdB2luZsbIEL1PkKa7zO6rYqGcTvYOkL2d9H5Os94+wiHCCxmtP0a4jZ71jNU/4mHhpObEhj0cGDX0+GAVtxqp+DXCFF8QTSeiVHHZLg3xmK79VvJKgnCQOMpkYYBzWkhP10xu+LqHBX0m1xOv4ndWUeF5jxNn3tTd70XaAq8wDh0MGgyaDUhQEEUEYZiwUECGPBoxNLJyPyOrBhuTezJ1JGq7dGJEsUF7Ntw9t1Gk3Tz+KCJxlEO1CJL8Qf4qr8lP5Xn5y1yw2Fb3lK2bmrry4DvF5Zm5Gh7X08jjc01efJXUdpNXR5aseXq8muwaP+xXlzHmgjWPxHOw+/EtX5XMlymMFMXjVfPqS4R1WjE3359sfzs94i7PLrXWc62JizdWm5dn/WpI++6qvJPmVflPXvXx/GfNxGPiKTEmdornIYmXxS7xkthLqwviYG3HCJ2VhinSbZH6JNVgYJq89S9dP1t4vUZ/DPVRlBnM0lSJ93/CKmQ0nbkOb/qP28f8F+T3iuefKAIvbODImbptU3HvEKFlpW5zrgIXv9F98LZua6N+OPwEWDyrFq1SNZ8gvAEcdod6HugpmNOWls05Uocsn5O66cpiUsxQ20NSUtcl12VLFrOZVWLpdtiZ0x1uHKE5QvfEp0plk/qv8RGw/bBS+fmsUtl+ThrWgZf6b8C8/UXAeIuJAAAACXBIWXMAAAsTAAALEwEAmpwYAAACW0lEQVQoFZVTbUhTURh+7r5y7qsf+TFMsk1QGlZIBhHGnEmS/dCyEgnKKFpKEBIJJdEHUrEkIqIfRQsyCYp+7Mda0J/AEauEgjKtYa0p0iyabmvudnfXe84d1s98L+d9n/ue933Oc885VwCgo2HMRwr/bSJVJjXkLB+OnopV72rAtbAZD24HkFlII+jrxuTew0BWgu2RF672O/it0qGrSkZneRbaI4dgWl1WzAgMfZESXByNoKdlM2rXd+Hh/SBUeh0MNdVEIHNcV+9Aq1WEs0KHREMTuvt8TKqBEag/fZzGYOladMb8qHcUYdXxbZBFCZnPUUCSCGfRYfyGDSVmfNnowuA5P16PvGEEaoGcfW4iHNbp9chJWZZctMk9B4lAhu3x3cUcA4JGDTGdhqWqspIpwNj2DhiNZkjz80COZchyBNQqHidcOwEVrSUrk9rlZiRTCV7GCX4tZKCJfYWUSIJJUspkwnya3iXKCvxhc5LJiJSp4C+B9d4NrLRalVV5WnHja5yQqdkxNvJPlqAgYGpmBnBtAWkE6lwe1DTdROjHMhQ+8SPUe5k3yORzeT3jqQIUBvx43jOATa1e6rnKazhBqd2KQOAEGgO3MOR7h/2j7F7RZ3PRHGLH1gEMlzeixd0Mb0UUNrslX0Pher8TxZ4LOP10FsdeCIjPTildtNuAluNMIg737rM4+b4I63oPoH+FUsN2SZSGhuH5LuPS27jSSD746iWitXbksln8JDwn050gu3L+DCL72uBuawZCz0S26UxLGQ0TjaUYO8dpRsB0sh+KxaUYu3XiH2vAxzq/eTGQAAAAAElFTkSuQmCC'') !important;">&nbsp;</div>\n\n<div class="kl_layout_selector_label_button">English</div>\n\n<div class="kl_layout_list_container">\n<div class="kl_layout_selector_option_top">&nbsp;</div>\n\n<div class="kl_layout_selector_option kl_layout_selector_option_middle" locale="de" style="display: none;">\n<div class="kl_layout_selector_icon" style="background-image: url(''data:image/png;base64,iVBORw0KGgoAAAANSUhEUgAAABAAAAAOCAYAAAAmL5yKAAAC7mlDQ1BJQ0MgUHJvZmlsZQAAeAGFVM9rE0EU/jZuqdAiCFprDrJ4kCJJWatoRdQ2/RFiawzbH7ZFkGQzSdZuNuvuJrWliOTi0SreRe2hB/+AHnrwZC9KhVpFKN6rKGKhFy3xzW5MtqXqwM5+8943731vdt8ADXLSNPWABOQNx1KiEWlsfEJq/IgAjqIJQTQlVdvsTiQGQYNz+Xvn2HoPgVtWw3v7d7J3rZrStpoHhP1A4Eea2Sqw7xdxClkSAog836Epx3QI3+PY8uyPOU55eMG1Dys9xFkifEA1Lc5/TbhTzSXTQINIOJT1cVI+nNeLlNcdB2luZsbIEL1PkKa7zO6rYqGcTvYOkL2d9H5Os94+wiHCCxmtP0a4jZ71jNU/4mHhpObEhj0cGDX0+GAVtxqp+DXCFF8QTSeiVHHZLg3xmK79VvJKgnCQOMpkYYBzWkhP10xu+LqHBX0m1xOv4ndWUeF5jxNn3tTd70XaAq8wDh0MGgyaDUhQEEUEYZiwUECGPBoxNLJyPyOrBhuTezJ1JGq7dGJEsUF7Ntw9t1Gk3Tz+KCJxlEO1CJL8Qf4qr8lP5Xn5y1yw2Fb3lK2bmrry4DvF5Zm5Gh7X08jjc01efJXUdpNXR5aseXq8muwaP+xXlzHmgjWPxHOw+/EtX5XMlymMFMXjVfPqS4R1WjE3359sfzs94i7PLrXWc62JizdWm5dn/WpI++6qvJPmVflPXvXx/GfNxGPiKTEmdornIYmXxS7xkthLqwviYG3HCJ2VhinSbZH6JNVgYJq89S9dP1t4vUZ/DPVRlBnM0lSJ93/CKmQ0nbkOb/qP28f8F+T3iuefKAIvbODImbptU3HvEKFlpW5zrgIXv9F98LZua6N+OPwEWDyrFq1SNZ8gvAEcdod6HugpmNOWls05Uocsn5O66cpiUsxQ20NSUtcl12VLFrOZVWLpdtiZ0x1uHKE5QvfEp0plk/qv8RGw/bBS+fmsUtl+ThrWgZf6b8C8/UXAeIuJAAAACXBIWXMAAAsTAAALEwEAmpwYAAABG0lEQVQoFZVTu26EMBAc8CmKdHe5UCRNuvsBdPxFfjVlviFVCiTaFCkiRYquQXAP8/I5sw4IrgCRkdb2emfGayw8ADeMVTtzmo2KzOOCwyaKov1s2YAYx/GjGCyNMQjDcFAaX3qeB2stkiQR0lIMVF3XyPMcaZpeKYUoENEQQRBANIQSA5dkWQaJOfB9vzOAM3jJLrhbnGAOJdhf7yEnD/O2osoTcmp2zJ2BLkrcfnzBmGMvnlipnxW0u31noCvcGwuLy4SsL1l+dK3/uK6Dh9c9tlsS5ukB/4zmk/xnLsX3rDkMri57kyDXaUhyHRRFS79+rUmPTiMGVdMAb++T/LFiJWduGE+M9RhrZP/A/W8xUAz5oWT+DwzJ1S8JoWjm5fjFnAAAAABJRU5ErkJggg=='') !important;">&nbsp;</div>\n\n<div class="kl_layout_selector_label">Deutsch</div>\n</div>\n\n<div class="kl_layout_selector_option kl_layout_selector_option_middle" locale="es" style="display: none;">\n<div class="kl_layout_selector_icon" style="background-image: url(''data:image/png;base64,iVBORw0KGgoAAAANSUhEUgAAABAAAAAOCAYAAAAmL5yKAAAC7mlDQ1BJQ0MgUHJvZmlsZQAAeAGFVM9rE0EU/jZuqdAiCFprDrJ4kCJJWatoRdQ2/RFiawzbH7ZFkGQzSdZuNuvuJrWliOTi0SreRe2hB/+AHnrwZC9KhVpFKN6rKGKhFy3xzW5MtqXqwM5+8943731vdt8ADXLSNPWABOQNx1KiEWlsfEJq/IgAjqIJQTQlVdvsTiQGQYNz+Xvn2HoPgVtWw3v7d7J3rZrStpoHhP1A4Eea2Sqw7xdxClkSAog836Epx3QI3+PY8uyPOU55eMG1Dys9xFkifEA1Lc5/TbhTzSXTQINIOJT1cVI+nNeLlNcdB2luZsbIEL1PkKa7zO6rYqGcTvYOkL2d9H5Os94+wiHCCxmtP0a4jZ71jNU/4mHhpObEhj0cGDX0+GAVtxqp+DXCFF8QTSeiVHHZLg3xmK79VvJKgnCQOMpkYYBzWkhP10xu+LqHBX0m1xOv4ndWUeF5jxNn3tTd70XaAq8wDh0MGgyaDUhQEEUEYZiwUECGPBoxNLJyPyOrBhuTezJ1JGq7dGJEsUF7Ntw9t1Gk3Tz+KCJxlEO1CJL8Qf4qr8lP5Xn5y1yw2Fb3lK2bmrry4DvF5Zm5Gh7X08jjc01efJXUdpNXR5aseXq8muwaP+xXlzHmgjWPxHOw+/EtX5XMlymMFMXjVfPqS4R1WjE3359sfzs94i7PLrXWc62JizdWm5dn/WpI++6qvJPmVflPXvXx/GfNxGPiKTEmdornIYmXxS7xkthLqwviYG3HCJ2VhinSbZH6JNVgYJq89S9dP1t4vUZ/DPVRlBnM0lSJ93/CKmQ0nbkOb/qP28f8F+T3iuefKAIvbODImbptU3HvEKFlpW5zrgIXv9F98LZua6N+OPwEWDyrFq1SNZ8gvAEcdod6HugpmNOWls05Uocsn5O66cpiUsxQ20NSUtcl12VLFrOZVWLpdtiZ0x1uHKE5QvfEp0plk/qv8RGw/bBS+fmsUtl+ThrWgZf6b8C8/UXAeIuJAAAACXBIWXMAAAsTAAALEwEAmpwYAAABbklEQVQoFZVTTUsDMRB9cduKW0XbiuAnfuBJUUR/gl4Ff6c3L969CGIRob1URC9drP2Sdrfbprtd36QKdntofTAJmcx7mcwkCkCKNv8zc5oampFugsPi2+HZZ4QBFGamZkvgTuFxRQTSGISwT46nIysFRBH8p2eJT4uAFek+wlYbYb0xKsJAAyH9gZXLQjiEJQLYyhdgpZJUdtD1bbi1FJY2XCRUINvjUGsIdYGXB4xAj+Wwkw7cRgXVm020Sjn4lxq5ozLsOfJHEzCCPZMAhlXzO/QNKui/ZPF++4F68xxR7QqBI35aGLcKfI8+wpS9IwKyCJaR2e+jlL+Gd3/H9dA/lgEz+uWYK5gFT6kelLCaAS72HATbr3B3+UAkgzjoGxEonorOLCJ4aJpg34xfHMXiUOx8EVIEPSxiFwHJ7AKkYpMhj65LskCO1lKjB/hjV5WACdDSIHYT67SFCcHx7TYdZRGwaPKhZP4PJHH9DdVbglfXvCJbAAAAAElFTkSuQmCC'') !important;">&nbsp;</div>\n\n<div class="kl_layout_selector_label">Espa&ntilde;ol</div>\n</div>\n\n<div class="kl_layout_selector_option kl_layout_selector_option_middle" locale="fr" style="display: none;">\n<div class="kl_layout_selector_icon" style="background-image: url(''data:image/png;base64,iVBORw0KGgoAAAANSUhEUgAAABAAAAANCAYAAACgu+4kAAAC7mlDQ1BJQ0MgUHJvZmlsZQAAeAGFVM9rE0EU/jZuqdAiCFprDrJ4kCJJWatoRdQ2/RFiawzbH7ZFkGQzSdZuNuvuJrWliOTi0SreRe2hB/+AHnrwZC9KhVpFKN6rKGKhFy3xzW5MtqXqwM5+8943731vdt8ADXLSNPWABOQNx1KiEWlsfEJq/IgAjqIJQTQlVdvsTiQGQYNz+Xvn2HoPgVtWw3v7d7J3rZrStpoHhP1A4Eea2Sqw7xdxClkSAog836Epx3QI3+PY8uyPOU55eMG1Dys9xFkifEA1Lc5/TbhTzSXTQINIOJT1cVI+nNeLlNcdB2luZsbIEL1PkKa7zO6rYqGcTvYOkL2d9H5Os94+wiHCCxmtP0a4jZ71jNU/4mHhpObEhj0cGDX0+GAVtxqp+DXCFF8QTSeiVHHZLg3xmK79VvJKgnCQOMpkYYBzWkhP10xu+LqHBX0m1xOv4ndWUeF5jxNn3tTd70XaAq8wDh0MGgyaDUhQEEUEYZiwUECGPBoxNLJyPyOrBhuTezJ1JGq7dGJEsUF7Ntw9t1Gk3Tz+KCJxlEO1CJL8Qf4qr8lP5Xn5y1yw2Fb3lK2bmrry4DvF5Zm5Gh7X08jjc01efJXUdpNXR5aseXq8muwaP+xXlzHmgjWPxHOw+/EtX5XMlymMFMXjVfPqS4R1WjE3359sfzs94i7PLrXWc62JizdWm5dn/WpI++6qvJPmVflPXvXx/GfNxGPiKTEmdornIYmXxS7xkthLqwviYG3HCJ2VhinSbZH6JNVgYJq89S9dP1t4vUZ/DPVRlBnM0lSJ93/CKmQ0nbkOb/qP28f8F+T3iuefKAIvbODImbptU3HvEKFlpW5zrgIXv9F98LZua6N+OPwEWDyrFq1SNZ8gvAEcdod6HugpmNOWls05Uocsn5O66cpiUsxQ20NSUtcl12VLFrOZVWLpdtiZ0x1uHKE5QvfEp0plk/qv8RGw/bBS+fmsUtl+ThrWgZf6b8C8/UXAeIuJAAAACXBIWXMAAAsTAAALEwEAmpwYAAABPUlEQVQoFY1Sy07DMBAcp7QcAooQEhdOHJGKUMU38Flc+C5O+YBygF4B8Tr0kJI0JH7EMWsnTZoQHmut7VnvTiZrMwAT8r16peXfJikz3aEpmE2vlv2y+d11J7S4uOxgC6bzmyNL4Gtd4nx28i1hO+CfnVaQMcAYpLf3FvuWYKSURpJwrKJ1lTQw86fnJjo+PIBRyuKRJYCUEvEqRfzxaeGg6bglZ94ISgmX5wgE54iiFOk6s+oGTcVJE7cpgtseApUCnuP1YYlM5C44NInH9yasgxj5xHO4IqBCQ4pKGj9be2ZUgayspDoCJSQ87P5KYLbITaHBi8J9y+lQEO6YEc3G+0oYnWwGpEEm3S3UPYB0m3EF+7U1dmLd3v4qR0tA7dTI8NIpDMOwgxcYvGJJzwoB+TH5fqfib2AfxtsX0zCBpMQ+chEAAAAASUVORK5CYII='') !important;">&nbsp;</div>\n\n<div class="kl_layout_selector_label">Fran&ccedil;ais</div>\n</div>\n\n<div class="kl_layout_selector_option kl_layout_selector_option_middle" locale="it" style="display: none;">\n<div class="kl_layout_selector_icon" style="background-image: url(''data:image/png;base64,iVBORw0KGgoAAAANSUhEUgAAABAAAAAOCAYAAAAmL5yKAAAC7mlDQ1BJQ0MgUHJvZmlsZQAAeAGFVM9rE0EU/jZuqdAiCFprDrJ4kCJJWatoRdQ2/RFiawzbH7ZFkGQzSdZuNuvuJrWliOTi0SreRe2hB/+AHnrwZC9KhVpFKN6rKGKhFy3xzW5MtqXqwM5+8943731vdt8ADXLSNPWABOQNx1KiEWlsfEJq/IgAjqIJQTQlVdvsTiQGQYNz+Xvn2HoPgVtWw3v7d7J3rZrStpoHhP1A4Eea2Sqw7xdxClkSAog836Epx3QI3+PY8uyPOU55eMG1Dys9xFkifEA1Lc5/TbhTzSXTQINIOJT1cVI+nNeLlNcdB2luZsbIEL1PkKa7zO6rYqGcTvYOkL2d9H5Os94+wiHCCxmtP0a4jZ71jNU/4mHhpObEhj0cGDX0+GAVtxqp+DXCFF8QTSeiVHHZLg3xmK79VvJKgnCQOMpkYYBzWkhP10xu+LqHBX0m1xOv4ndWUeF5jxNn3tTd70XaAq8wDh0MGgyaDUhQEEUEYZiwUECGPBoxNLJyPyOrBhuTezJ1JGq7dGJEsUF7Ntw9t1Gk3Tz+KCJxlEO1CJL8Qf4qr8lP5Xn5y1yw2Fb3lK2bmrry4DvF5Zm5Gh7X08jjc01efJXUdpNXR5aseXq8muwaP+xXlzHmgjWPxHOw+/EtX5XMlymMFMXjVfPqS4R1WjE3359sfzs94i7PLrXWc62JizdWm5dn/WpI++6qvJPmVflPXvXx/GfNxGPiKTEmdornIYmXxS7xkthLqwviYG3HCJ2VhinSbZH6JNVgYJq89S9dP1t4vUZ/DPVRlBnM0lSJ93/CKmQ0nbkOb/qP28f8F+T3iuefKAIvbODImbptU3HvEKFlpW5zrgIXv9F98LZua6N+OPwEWDyrFq1SNZ8gvAEcdod6HugpmNOWls05Uocsn5O66cpiUsxQ20NSUtcl12VLFrOZVWLpdtiZ0x1uHKE5QvfEp0plk/qv8RGw/bBS+fmsUtl+ThrWgZf6b8C8/UXAeIuJAAAACXBIWXMAAAsTAAALEwEAmpwYAAABVElEQVQoFZVTS07DMBB9TtKwKKWCBRJix4IF6hXYIK7BBbgPF+Ae3VScAJYsqiJRIVhU5Gs7js3YifIjCLA0nnnjNy+jscMAhGT7tSf35yWJmQS0za/ub9+HZcubu15qfXndwxacPSyPrcBU6xKLk/NvhG5ib3HhoAcGDQP++GTx1Ar4hVaIRYpdHjnS2KY2mybtHx3CFMpi3wpAygJRniAm+2mVUdwcMd+HktzhSkBw7HiEVGbUnGmI3UB/tt0poghuZwg4AZELbM0bMpF1a3qxfNk22DuIkAWew7VADi8MYYxuSMNA686ZKpC5EdQdSC4QzAISGG/fiXUEWFGCm0rB9aFIAB3C8OsOMwbUZueUVbdQzUCJwg0vqC5ltN6bTNp8Se9AtEOUhhLJ80dLoGi1WvXwOh29Ykl9YU52SjbrVfwO7MN4tQI+mf2hrP/PKoksvwArhYzX7rtqFAAAAABJRU5ErkJggg=='') !important;">&nbsp;</div>\n\n<div class="kl_layout_selector_label">Italiano</div>\n</div>\n\n<div class="kl_layout_selector_option kl_layout_selector_option_middle" locale="pl" style="display: none;">\n<div class="kl_layout_selector_icon" style="background-image: url(''data:image/png;base64,iVBORw0KGgoAAAANSUhEUgAAABAAAAAOCAYAAAAmL5yKAAAC7mlDQ1BJQ0MgUHJvZmlsZQAAeAGFVM9rE0EU/jZuqdAiCFprDrJ4kCJJWatoRdQ2/RFiawzbH7ZFkGQzSdZuNuvuJrWliOTi0SreRe2hB/+AHnrwZC9KhVpFKN6rKGKhFy3xzW5MtqXqwM5+8943731vdt8ADXLSNPWABOQNx1KiEWlsfEJq/IgAjqIJQTQlVdvsTiQGQYNz+Xvn2HoPgVtWw3v7d7J3rZrStpoHhP1A4Eea2Sqw7xdxClkSAog836Epx3QI3+PY8uyPOU55eMG1Dys9xFkifEA1Lc5/TbhTzSXTQINIOJT1cVI+nNeLlNcdB2luZsbIEL1PkKa7zO6rYqGcTvYOkL2d9H5Os94+wiHCCxmtP0a4jZ71jNU/4mHhpObEhj0cGDX0+GAVtxqp+DXCFF8QTSeiVHHZLg3xmK79VvJKgnCQOMpkYYBzWkhP10xu+LqHBX0m1xOv4ndWUeF5jxNn3tTd70XaAq8wDh0MGgyaDUhQEEUEYZiwUECGPBoxNLJyPyOrBhuTezJ1JGq7dGJEsUF7Ntw9t1Gk3Tz+KCJxlEO1CJL8Qf4qr8lP5Xn5y1yw2Fb3lK2bmrry4DvF5Zm5Gh7X08jjc01efJXUdpNXR5aseXq8muwaP+xXlzHmgjWPxHOw+/EtX5XMlymMFMXjVfPqS4R1WjE3359sfzs94i7PLrXWc62JizdWm5dn/WpI++6qvJPmVflPXvXx/GfNxGPiKTEmdornIYmXxS7xkthLqwviYG3HCJ2VhinSbZH6JNVgYJq89S9dP1t4vUZ/DPVRlBnM0lSJ93/CKmQ0nbkOb/qP28f8F+T3iuefKAIvbODImbptU3HvEKFlpW5zrgIXv9F98LZua6N+OPwEWDyrFq1SNZ8gvAEcdod6HugpmNOWls05Uocsn5O66cpiUsxQ20NSUtcl12VLFrOZVWLpdtiZ0x1uHKE5QvfEp0plk/qv8RGw/bBS+fmsUtl+ThrWgZf6b8C8/UXAeIuJAAAACXBIWXMAAAsTAAALEwEAmpwYAAAA5ElEQVQoFZVTSw6CMBB95WNiwIAbNx7Apfc/g1uv4MaNJqJA+YwzRZJZgJQmQ2em7z2m09YA2LClv5kn72EZWUT8yYjo7k1TQGPMIeA4Ubm1biIC4VqWwocigLZtVc7PHTlOoK5rP5ZCjRxpIq6nM/ZNh/5ZKMi8G+QpHvGwcydQcgV5ZwBL8yy1Qvyzsh+27QSq0sIEIQi9gs27hntW2c4BnMDHNqBY2sFVeAzqCJ+mccihAg4oioGtCxcliHpUSoCLIVzK9yJxAmCl5oztyLabAPxLvXjxJgJyHvKg1t5I6aL9AtuETWwlOflvAAAAAElFTkSuQmCC'') !important;">&nbsp;</div>\n\n<div class="kl_layout_selector_label">Polski</div>\n</div>\n\n<div class="kl_layout_selector_option kl_layout_selector_option_middle" locale="pt" style="display: none;">\n<div class="kl_layout_selector_icon" style="background-image: url(''data:image/png;base64,iVBORw0KGgoAAAANSUhEUgAAABAAAAAOCAYAAAAmL5yKAAAC7mlDQ1BJQ0MgUHJvZmlsZQAAeAGFVM9rE0EU/jZuqdAiCFprDrJ4kCJJWatoRdQ2/RFiawzbH7ZFkGQzSdZuNuvuJrWliOTi0SreRe2hB/+AHnrwZC9KhVpFKN6rKGKhFy3xzW5MtqXqwM5+8943731vdt8ADXLSNPWABOQNx1KiEWlsfEJq/IgAjqIJQTQlVdvsTiQGQYNz+Xvn2HoPgVtWw3v7d7J3rZrStpoHhP1A4Eea2Sqw7xdxClkSAog836Epx3QI3+PY8uyPOU55eMG1Dys9xFkifEA1Lc5/TbhTzSXTQINIOJT1cVI+nNeLlNcdB2luZsbIEL1PkKa7zO6rYqGcTvYOkL2d9H5Os94+wiHCCxmtP0a4jZ71jNU/4mHhpObEhj0cGDX0+GAVtxqp+DXCFF8QTSeiVHHZLg3xmK79VvJKgnCQOMpkYYBzWkhP10xu+LqHBX0m1xOv4ndWUeF5jxNn3tTd70XaAq8wDh0MGgyaDUhQEEUEYZiwUECGPBoxNLJyPyOrBhuTezJ1JGq7dGJEsUF7Ntw9t1Gk3Tz+KCJxlEO1CJL8Qf4qr8lP5Xn5y1yw2Fb3lK2bmrry4DvF5Zm5Gh7X08jjc01efJXUdpNXR5aseXq8muwaP+xXlzHmgjWPxHOw+/EtX5XMlymMFMXjVfPqS4R1WjE3359sfzs94i7PLrXWc62JizdWm5dn/WpI++6qvJPmVflPXvXx/GfNxGPiKTEmdornIYmXxS7xkthLqwviYG3HCJ2VhinSbZH6JNVgYJq89S9dP1t4vUZ/DPVRlBnM0lSJ93/CKmQ0nbkOb/qP28f8F+T3iuefKAIvbODImbptU3HvEKFlpW5zrgIXv9F98LZua6N+OPwEWDyrFq1SNZ8gvAEcdod6HugpmNOWls05Uocsn5O66cpiUsxQ20NSUtcl12VLFrOZVWLpdtiZ0x1uHKE5QvfEp0plk/qv8RGw/bBS+fmsUtl+ThrWgZf6b8C8/UXAeIuJAAAACXBIWXMAAAsTAAALEwEAmpwYAAAB8ElEQVQoFZWSz2pTURDGf/fe5DYxiUmttDVSRFBwYVcFlwqCD9C1L+CjuFWfoOJCEFy4K27UhS5KN0IQkSLF1jZpQyTJ/X/uOc65N1WkXdiBOcMM33znmznHAXzx5ixK+G9LBTmtyNG+++LR4KQtdxw8Y9h49uWkdCoabahe6rCy+WbREjTyXLO6fKMAasfFNZr6qnuqsSw4GK3Idvds2rAEnsoVkyRiGE3QFc0Vd0p/YY/5bQcnB1Nxyt7Z6bYvgsps5lkCMpUyiqek6hf38j6twxg9GDO45TPfE9RIbv1HkCFL7QqgIIjjmKMg5H63x8PtKcFoHb3ikQw3GV8/pv3+AqYqaFP0yAg5iYxtrSBIo4RA7zOc+8an7x28B+tknQbXnjwn6O5Q+3EZLH6mwmnVCZek9ocgjlCVOv2sSdgac/vjKzK/iX9nl9qOoAq1s+slNVlOlCS2v+RMQ0EYxefjLr21iHd6g7mtx+ihova2JTDZZCHBytA4aSYE5Q4KUSqJC1CQ1nn5c43XNxeIfZfFpx3cA/vP7Cv8daMMUVoqKHagEiXf0eBXXXKnwkGyxPKHQ/K69J1hJtbEyqoql5iiNOHXo6KgRZMrSreioMjPOoyM4ely/1ZXW/yquB32PDYR8L4l8MTtoDaex+wM6W+StdCJDVH2GgAAAABJRU5ErkJggg=='') !important;">&nbsp;</div>\n\n<div class="kl_layout_selector_label">Portugu&ecirc;s</div>\n</div>\n\n<div class="kl_layout_selector_option kl_layout_selector_option_middle" locale="ru" style="display: none;">\n<div class="kl_layout_selector_icon" style="background-image: url(''data:image/png;base64,iVBORw0KGgoAAAANSUhEUgAAABAAAAANCAYAAACgu+4kAAAC7mlDQ1BJQ0MgUHJvZmlsZQAAeAGFVM9rE0EU/jZuqdAiCFprDrJ4kCJJWatoRdQ2/RFiawzbH7ZFkGQzSdZuNuvuJrWliOTi0SreRe2hB/+AHnrwZC9KhVpFKN6rKGKhFy3xzW5MtqXqwM5+8943731vdt8ADXLSNPWABOQNx1KiEWlsfEJq/IgAjqIJQTQlVdvsTiQGQYNz+Xvn2HoPgVtWw3v7d7J3rZrStpoHhP1A4Eea2Sqw7xdxClkSAog836Epx3QI3+PY8uyPOU55eMG1Dys9xFkifEA1Lc5/TbhTzSXTQINIOJT1cVI+nNeLlNcdB2luZsbIEL1PkKa7zO6rYqGcTvYOkL2d9H5Os94+wiHCCxmtP0a4jZ71jNU/4mHhpObEhj0cGDX0+GAVtxqp+DXCFF8QTSeiVHHZLg3xmK79VvJKgnCQOMpkYYBzWkhP10xu+LqHBX0m1xOv4ndWUeF5jxNn3tTd70XaAq8wDh0MGgyaDUhQEEUEYZiwUECGPBoxNLJyPyOrBhuTezJ1JGq7dGJEsUF7Ntw9t1Gk3Tz+KCJxlEO1CJL8Qf4qr8lP5Xn5y1yw2Fb3lK2bmrry4DvF5Zm5Gh7X08jjc01efJXUdpNXR5aseXq8muwaP+xXlzHmgjWPxHOw+/EtX5XMlymMFMXjVfPqS4R1WjE3359sfzs94i7PLrXWc62JizdWm5dn/WpI++6qvJPmVflPXvXx/GfNxGPiKTEmdornIYmXxS7xkthLqwviYG3HCJ2VhinSbZH6JNVgYJq89S9dP1t4vUZ/DPVRlBnM0lSJ93/CKmQ0nbkOb/qP28f8F+T3iuefKAIvbODImbptU3HvEKFlpW5zrgIXv9F98LZua6N+OPwEWDyrFq1SNZ8gvAEcdod6HugpmNOWls05Uocsn5O66cpiUsxQ20NSUtcl12VLFrOZVWLpdtiZ0x1uHKE5QvfEp0plk/qv8RGw/bBS+fmsUtl+ThrWgZf6b8C8/UXAeIuJAAAACXBIWXMAAAsTAAALEwEAmpwYAAAA+UlEQVQoFZVQW27CMBAcJyFQwkOAxA9/baWepTfoBTlDD9EroP5U7QcSIBSSEMfxdteAZAmkJCutvbOeGa9WAYg5R9ebr9ahmXmK+JgS0ba1zCMqpZYB48TrdS0TMQi7qjx+KAYwxni9duVNIzvA28ca88UM6akEeXrFtY9vT5NRH/vdwUFnUJYFfv4CZLkstjmOwxgRCke8GOQFKB7C2kf/3RsaQ6j1xUCmfPlMlpvnIIRNz/fsB51gPMC3rfGebV/dBLmuQD3Zp/g1B9WEvKoc0RmcGVDUA54cbHQgshCNhCh0zbv+KjLX6HhomXnKueIcdxSnzP/9B9NWUmzSO7dBAAAAAElFTkSuQmCC'') !important;">&nbsp;</div>\n\n<div class="kl_layout_selector_label">Русский</div>\n</div>\n\n<div class="kl_layout_selector_option_bottom">&nbsp;</div>\n</div>\n</div>\n\n<div class="kl_button kl_system kl_system_alt" focus="return false;" onselectstart="return false;"><canvas class="button_canvas" height="32" width="32">alt</canvas></div>\n\n<div class="kl_button kl_system kl_system_space" focus="return false;" onselectstart="return false;"><canvas class="button_canvas" height="32" width="32"> </canvas></div>\n\n<div class="kl_button kl_system kl_system_alt" focus="return false;" onselectstart="return false;"><canvas class="button_canvas" height="32" width="32">alt</canvas></div>\n\n<div class="kl_spacer">&nbsp;</div>\n</div>\n</div>\n</div>\n\n<div class="kl_keyboard ui-draggable" style="">\n<div class="kl_hook">\n<div class="kl_kb_close_button">&nbsp;</div>\n\n<div class="kl_kb_settings_button">Param&egrave;tres</div>\n</div>\n</div>', '', 0, 1, '2014-05-13 13:57:01', '2014-05-13 13:57:01');
INSERT INTO `forum` (`id`, `user_id`, `forum_category_id`, `title`, `text`, `keywords`, `is_solved`, `is_online`, `created_at`, `updated_at`) VALUES
(35, 4, 4, 'test je suis Henri Lepic', '<p>sdfqsdf</p>\n\n<p>&nbsp;</p>\n\n<p>Param&egrave;tres</p>\n\n<p>&nbsp;</p>\n\n<p>Param&egrave;tres</p>\n\n<p>&sect;</p>\n\n<p>1</p>\n\n<p>2</p>\n\n<p>3</p>\n\n<p>4</p>\n\n<p>5</p>\n\n<p>6</p>\n\n<p>7</p>\n\n<p>8</p>\n\n<p>9</p>\n\n<p>0</p>\n\n<p>-</p>\n\n<p>=</p>\n\n<p>Backspace</p>\n\n<p>&nbsp;</p>\n\n<p>Tab</p>\n\n<p>q</p>\n\n<p>w</p>\n\n<p>e</p>\n\n<p>r</p>\n\n<p>t</p>\n\n<p>y</p>\n\n<p>u</p>\n\n<p>i</p>\n\n<p>o</p>\n\n<p>p</p>\n\n<p>[</p>\n\n<p>]</p>\n\n<p>&nbsp;</p>\n\n<p>Return</p>\n\n<p>&nbsp;</p>\n\n<p>&nbsp;</p>\n\n<p>capslock</p>\n\n<p>a</p>\n\n<p>s</p>\n\n<p>d</p>\n\n<p>f</p>\n\n<p>g</p>\n\n<p>h</p>\n\n<p>j</p>\n\n<p>k</p>\n\n<p>l</p>\n\n<p>;</p>\n\n<p>&#39;</p>\n\n<p>\\</p>\n\n<p>&nbsp;</p>\n\n<p>shift</p>\n\n<p>`</p>\n\n<p>z</p>\n\n<p>x</p>\n\n<p>c</p>\n\n<p>v</p>\n\n<p>b</p>\n\n<p>n</p>\n\n<p>m</p>\n\n<p>,</p>\n\n<p>.</p>\n\n<p>/</p>\n\n<p>shift</p>\n\n<p>&nbsp;</p>\n\n<p>&nbsp;</p>\n\n<p>English</p>\n\n<p>&nbsp;</p>\n\n<p>&nbsp;</p>\n\n<p>Deutsch</p>\n\n<p>&nbsp;</p>\n\n<p>Espa&ntilde;ol</p>\n\n<p>&nbsp;</p>\n\n<p>Fran&ccedil;ais</p>\n\n<p>&nbsp;</p>\n\n<p>Italiano</p>\n\n<p>&nbsp;</p>\n\n<p>Polski</p>\n\n<p>&nbsp;</p>\n\n<p>Portugu&ecirc;s</p>\n\n<p>&nbsp;</p>\n\n<p>Русский</p>\n\n<p>&nbsp;</p>\n\n<p>alt</p>\n\n<p>&nbsp;</p>\n\n<p>alt</p>\n\n<p>&nbsp;</p>\n\n<p>&nbsp;</p>\n\n<p>Param&egrave;tres</p>\n\n<div aria-disabled="false" class="kl_keyboard ui-draggable" style="">\n<div class="kl_hook">\n<div class="kl_kb_close_button">&nbsp;</div>\n\n<div class="kl_kb_settings_button">Param&egrave;tres</div>\n</div>\n\n<div class="kl_layout">\n<div class="kl_set" id="kl_current_set">\n<div class="kl_button kl_all" focus="return false;" onselectstart="return false;"><canvas class="button_canvas" height="32" width="32">&sect;</canvas></div>\n\n<div class="kl_button kl_all" focus="return false;" onselectstart="return false;"><canvas class="button_canvas" height="32" width="32">1</canvas></div>\n\n<div class="kl_button kl_all" focus="return false;" onselectstart="return false;"><canvas class="button_canvas" height="32" width="32">2</canvas></div>\n\n<div class="kl_button kl_all" focus="return false;" onselectstart="return false;"><canvas class="button_canvas" height="32" width="32">3</canvas></div>\n\n<div class="kl_button kl_all" focus="return false;" onselectstart="return false;"><canvas class="button_canvas" height="32" width="32">4</canvas></div>\n\n<div class="kl_button kl_all" focus="return false;" onselectstart="return false;"><canvas class="button_canvas" height="32" width="32">5</canvas></div>\n\n<div class="kl_button kl_all" focus="return false;" onselectstart="return false;"><canvas class="button_canvas" height="32" width="32">6</canvas></div>\n\n<div class="kl_button kl_all" focus="return false;" onselectstart="return false;"><canvas class="button_canvas" height="32" width="32">7</canvas></div>\n\n<div class="kl_button kl_all" focus="return false;" onselectstart="return false;"><canvas class="button_canvas" height="32" width="32">8</canvas></div>\n\n<div class="kl_button kl_all" focus="return false;" onselectstart="return false;"><canvas class="button_canvas" height="32" width="32">9</canvas></div>\n\n<div class="kl_button kl_all" focus="return false;" onselectstart="return false;"><canvas class="button_canvas" height="32" width="32">0</canvas></div>\n\n<div class="kl_button kl_all" focus="return false;" onselectstart="return false;"><canvas class="button_canvas" height="32" width="32">-</canvas></div>\n\n<div class="kl_button kl_all" focus="return false;" onselectstart="return false;"><canvas class="button_canvas" height="32" width="32">=</canvas></div>\n\n<div class="kl_button kl_system kl_system_backspace" focus="return false;" onselectstart="return false;"><canvas class="system_button_canvas" height="32" width="100">Backspace</canvas></div>\n\n<div class="kl_spacer">&nbsp;</div>\n\n<div class="kl_button kl_system" focus="return false;" onselectstart="return false;"><canvas class="system_button_canvas" height="32" width="32">Tab</canvas></div>\n\n<div class="kl_button kl_all" focus="return false;" onselectstart="return false;"><canvas class="button_canvas" height="32" width="32">q</canvas></div>\n\n<div class="kl_button kl_all" focus="return false;" onselectstart="return false;"><canvas class="button_canvas" height="32" width="32">w</canvas></div>\n\n<div class="kl_button kl_all" focus="return false;" onselectstart="return false;"><canvas class="button_canvas" height="32" width="32">e</canvas></div>\n\n<div class="kl_button kl_all" focus="return false;" onselectstart="return false;"><canvas class="button_canvas" height="32" width="32">r</canvas></div>\n\n<div class="kl_button kl_all" focus="return false;" onselectstart="return false;"><canvas class="button_canvas" height="32" width="32">t</canvas></div>\n\n<div class="kl_button kl_all" focus="return false;" onselectstart="return false;"><canvas class="button_canvas" height="32" width="32">y</canvas></div>\n\n<div class="kl_button kl_all" focus="return false;" onselectstart="return false;"><canvas class="button_canvas" height="32" width="32">u</canvas></div>\n\n<div class="kl_button kl_all" focus="return false;" onselectstart="return false;"><canvas class="button_canvas" height="32" width="32">i</canvas></div>\n\n<div class="kl_button kl_all" focus="return false;" onselectstart="return false;"><canvas class="button_canvas" height="32" width="32">o</canvas></div>\n\n<div class="kl_button kl_all" focus="return false;" onselectstart="return false;"><canvas class="button_canvas" height="32" width="32">p</canvas></div>\n\n<div class="kl_button kl_all" focus="return false;" onselectstart="return false;"><canvas class="button_canvas" height="32" width="32">[</canvas></div>\n\n<div class="kl_button kl_all" focus="return false;" onselectstart="return false;"><canvas class="button_canvas" height="32" width="32">]</canvas></div>\n\n<div class="kl_system kl_system_return" focus="return false;" onselectstart="return false;">\n<div class="kl_return_lower_shadow">&nbsp;</div>\n\n<div class="kl_return_upper"><canvas class="system_button_canvas" height="50" width="100">Return</canvas></div>\n\n<div class="kl_return_lower">&nbsp;</div>\n</div>\n\n<div class="kl_spacer">&nbsp;</div>\n\n<div class="kl_button kl_system kl_system_capslock" focus="return false;" onselectstart="return false;"><canvas class="system_button_canvas" height="32" width="32">capslock</canvas></div>\n\n<div class="kl_button kl_all" focus="return false;" onselectstart="return false;"><canvas class="button_canvas" height="32" width="32">a</canvas></div>\n\n<div class="kl_button kl_all" focus="return false;" onselectstart="return false;"><canvas class="button_canvas" height="32" width="32">s</canvas></div>\n\n<div class="kl_button kl_all" focus="return false;" onselectstart="return false;"><canvas class="button_canvas" height="32" width="32">d</canvas></div>\n\n<div class="kl_button kl_all" focus="return false;" onselectstart="return false;"><canvas class="button_canvas" height="32" width="32">f</canvas></div>\n\n<div class="kl_button kl_all" focus="return false;" onselectstart="return false;"><canvas class="button_canvas" height="32" width="32">g</canvas></div>\n\n<div class="kl_button kl_all" focus="return false;" onselectstart="return false;"><canvas class="button_canvas" height="32" width="32">h</canvas></div>\n\n<div class="kl_button kl_all" focus="return false;" onselectstart="return false;"><canvas class="button_canvas" height="32" width="32">j</canvas></div>\n\n<div class="kl_button kl_all" focus="return false;" onselectstart="return false;"><canvas class="button_canvas" height="32" width="32">k</canvas></div>\n\n<div class="kl_button kl_all" focus="return false;" onselectstart="return false;"><canvas class="button_canvas" height="32" width="32">l</canvas></div>\n\n<div class="kl_button kl_all" focus="return false;" onselectstart="return false;"><canvas class="button_canvas" height="32" width="32">;</canvas></div>\n\n<div class="kl_button kl_all" focus="return false;" onselectstart="return false;"><canvas class="button_canvas" height="32" width="32">&#39;</canvas></div>\n\n<div class="kl_button kl_all" focus="return false;" onselectstart="return false;"><canvas class="button_canvas" height="32" width="32">\\</canvas></div>\n\n<div class="kl_spacer">&nbsp;</div>\n\n<div class="kl_button kl_system kl_system_shift" focus="return false;" onselectstart="return false;"><canvas class="system_button_canvas" height="32" width="32">shift</canvas></div>\n\n<div class="kl_button kl_all" focus="return false;" onselectstart="return false;"><canvas class="button_canvas" height="32" width="32">`</canvas></div>\n\n<div class="kl_button kl_all" focus="return false;" onselectstart="return false;"><canvas class="button_canvas" height="32" width="32">z</canvas></div>\n\n<div class="kl_button kl_all" focus="return false;" onselectstart="return false;"><canvas class="button_canvas" height="32" width="32">x</canvas></div>\n\n<div class="kl_button kl_all" focus="return false;" onselectstart="return false;"><canvas class="button_canvas" height="32" width="32">c</canvas></div>\n\n<div class="kl_button kl_all" focus="return false;" onselectstart="return false;"><canvas class="button_canvas" height="32" width="32">v</canvas></div>\n\n<div class="kl_button kl_all" focus="return false;" onselectstart="return false;"><canvas class="button_canvas" height="32" width="32">b</canvas></div>\n\n<div class="kl_button kl_all" focus="return false;" onselectstart="return false;"><canvas class="button_canvas" height="32" width="32">n</canvas></div>\n\n<div class="kl_button kl_all" focus="return false;" onselectstart="return false;"><canvas class="button_canvas" height="32" width="32">m</canvas></div>\n\n<div class="kl_button kl_all" focus="return false;" onselectstart="return false;"><canvas class="button_canvas" height="32" width="32">,</canvas></div>\n\n<div class="kl_button kl_all" focus="return false;" onselectstart="return false;"><canvas class="button_canvas" height="32" width="32">.</canvas></div>\n\n<div class="kl_button kl_all" focus="return false;" onselectstart="return false;"><canvas class="button_canvas" height="32" width="32">/</canvas></div>\n\n<div class="kl_button kl_system kl_system_shift_right" focus="return false;" onselectstart="return false;"><canvas class="system_button_canvas" height="32" width="32">shift</canvas></div>\n\n<div class="kl_spacer">&nbsp;</div>\n\n<div class="kl_layout_selector kl_top_round_corners kl_bottom_round_corners">\n<div class="kl_layout_selector_icon_button" style="background-image: url(''data:image/png;base64,iVBORw0KGgoAAAANSUhEUgAAABAAAAAOCAYAAAAmL5yKAAAC7mlDQ1BJQ0MgUHJvZmlsZQAAeAGFVM9rE0EU/jZuqdAiCFprDrJ4kCJJWatoRdQ2/RFiawzbH7ZFkGQzSdZuNuvuJrWliOTi0SreRe2hB/+AHnrwZC9KhVpFKN6rKGKhFy3xzW5MtqXqwM5+8943731vdt8ADXLSNPWABOQNx1KiEWlsfEJq/IgAjqIJQTQlVdvsTiQGQYNz+Xvn2HoPgVtWw3v7d7J3rZrStpoHhP1A4Eea2Sqw7xdxClkSAog836Epx3QI3+PY8uyPOU55eMG1Dys9xFkifEA1Lc5/TbhTzSXTQINIOJT1cVI+nNeLlNcdB2luZsbIEL1PkKa7zO6rYqGcTvYOkL2d9H5Os94+wiHCCxmtP0a4jZ71jNU/4mHhpObEhj0cGDX0+GAVtxqp+DXCFF8QTSeiVHHZLg3xmK79VvJKgnCQOMpkYYBzWkhP10xu+LqHBX0m1xOv4ndWUeF5jxNn3tTd70XaAq8wDh0MGgyaDUhQEEUEYZiwUECGPBoxNLJyPyOrBhuTezJ1JGq7dGJEsUF7Ntw9t1Gk3Tz+KCJxlEO1CJL8Qf4qr8lP5Xn5y1yw2Fb3lK2bmrry4DvF5Zm5Gh7X08jjc01efJXUdpNXR5aseXq8muwaP+xXlzHmgjWPxHOw+/EtX5XMlymMFMXjVfPqS4R1WjE3359sfzs94i7PLrXWc62JizdWm5dn/WpI++6qvJPmVflPXvXx/GfNxGPiKTEmdornIYmXxS7xkthLqwviYG3HCJ2VhinSbZH6JNVgYJq89S9dP1t4vUZ/DPVRlBnM0lSJ93/CKmQ0nbkOb/qP28f8F+T3iuefKAIvbODImbptU3HvEKFlpW5zrgIXv9F98LZua6N+OPwEWDyrFq1SNZ8gvAEcdod6HugpmNOWls05Uocsn5O66cpiUsxQ20NSUtcl12VLFrOZVWLpdtiZ0x1uHKE5QvfEp0plk/qv8RGw/bBS+fmsUtl+ThrWgZf6b8C8/UXAeIuJAAAACXBIWXMAAAsTAAALEwEAmpwYAAACW0lEQVQoFZVTbUhTURh+7r5y7qsf+TFMsk1QGlZIBhHGnEmS/dCyEgnKKFpKEBIJJdEHUrEkIqIfRQsyCYp+7Mda0J/AEauEgjKtYa0p0iyabmvudnfXe84d1s98L+d9n/ue933Oc885VwCgo2HMRwr/bSJVJjXkLB+OnopV72rAtbAZD24HkFlII+jrxuTew0BWgu2RF672O/it0qGrSkZneRbaI4dgWl1WzAgMfZESXByNoKdlM2rXd+Hh/SBUeh0MNdVEIHNcV+9Aq1WEs0KHREMTuvt8TKqBEag/fZzGYOladMb8qHcUYdXxbZBFCZnPUUCSCGfRYfyGDSVmfNnowuA5P16PvGEEaoGcfW4iHNbp9chJWZZctMk9B4lAhu3x3cUcA4JGDTGdhqWqspIpwNj2DhiNZkjz80COZchyBNQqHidcOwEVrSUrk9rlZiRTCV7GCX4tZKCJfYWUSIJJUspkwnya3iXKCvxhc5LJiJSp4C+B9d4NrLRalVV5WnHja5yQqdkxNvJPlqAgYGpmBnBtAWkE6lwe1DTdROjHMhQ+8SPUe5k3yORzeT3jqQIUBvx43jOATa1e6rnKazhBqd2KQOAEGgO3MOR7h/2j7F7RZ3PRHGLH1gEMlzeixd0Mb0UUNrslX0Pher8TxZ4LOP10FsdeCIjPTildtNuAluNMIg737rM4+b4I63oPoH+FUsN2SZSGhuH5LuPS27jSSD746iWitXbksln8JDwn050gu3L+DCL72uBuawZCz0S26UxLGQ0TjaUYO8dpRsB0sh+KxaUYu3XiH2vAxzq/eTGQAAAAAElFTkSuQmCC'') !important;">&nbsp;</div>\n\n<div class="kl_layout_selector_label_button">English</div>\n\n<div class="kl_layout_list_container">\n<div class="kl_layout_selector_option_top">&nbsp;</div>\n\n<div class="kl_layout_selector_option kl_layout_selector_option_middle" locale="de" style="display: none;">\n<div class="kl_layout_selector_icon" style="background-image: url(''data:image/png;base64,iVBORw0KGgoAAAANSUhEUgAAABAAAAAOCAYAAAAmL5yKAAAC7mlDQ1BJQ0MgUHJvZmlsZQAAeAGFVM9rE0EU/jZuqdAiCFprDrJ4kCJJWatoRdQ2/RFiawzbH7ZFkGQzSdZuNuvuJrWliOTi0SreRe2hB/+AHnrwZC9KhVpFKN6rKGKhFy3xzW5MtqXqwM5+8943731vdt8ADXLSNPWABOQNx1KiEWlsfEJq/IgAjqIJQTQlVdvsTiQGQYNz+Xvn2HoPgVtWw3v7d7J3rZrStpoHhP1A4Eea2Sqw7xdxClkSAog836Epx3QI3+PY8uyPOU55eMG1Dys9xFkifEA1Lc5/TbhTzSXTQINIOJT1cVI+nNeLlNcdB2luZsbIEL1PkKa7zO6rYqGcTvYOkL2d9H5Os94+wiHCCxmtP0a4jZ71jNU/4mHhpObEhj0cGDX0+GAVtxqp+DXCFF8QTSeiVHHZLg3xmK79VvJKgnCQOMpkYYBzWkhP10xu+LqHBX0m1xOv4ndWUeF5jxNn3tTd70XaAq8wDh0MGgyaDUhQEEUEYZiwUECGPBoxNLJyPyOrBhuTezJ1JGq7dGJEsUF7Ntw9t1Gk3Tz+KCJxlEO1CJL8Qf4qr8lP5Xn5y1yw2Fb3lK2bmrry4DvF5Zm5Gh7X08jjc01efJXUdpNXR5aseXq8muwaP+xXlzHmgjWPxHOw+/EtX5XMlymMFMXjVfPqS4R1WjE3359sfzs94i7PLrXWc62JizdWm5dn/WpI++6qvJPmVflPXvXx/GfNxGPiKTEmdornIYmXxS7xkthLqwviYG3HCJ2VhinSbZH6JNVgYJq89S9dP1t4vUZ/DPVRlBnM0lSJ93/CKmQ0nbkOb/qP28f8F+T3iuefKAIvbODImbptU3HvEKFlpW5zrgIXv9F98LZua6N+OPwEWDyrFq1SNZ8gvAEcdod6HugpmNOWls05Uocsn5O66cpiUsxQ20NSUtcl12VLFrOZVWLpdtiZ0x1uHKE5QvfEp0plk/qv8RGw/bBS+fmsUtl+ThrWgZf6b8C8/UXAeIuJAAAACXBIWXMAAAsTAAALEwEAmpwYAAABG0lEQVQoFZVTu26EMBAc8CmKdHe5UCRNuvsBdPxFfjVlviFVCiTaFCkiRYquQXAP8/I5sw4IrgCRkdb2emfGayw8ADeMVTtzmo2KzOOCwyaKov1s2YAYx/GjGCyNMQjDcFAaX3qeB2stkiQR0lIMVF3XyPMcaZpeKYUoENEQQRBANIQSA5dkWQaJOfB9vzOAM3jJLrhbnGAOJdhf7yEnD/O2osoTcmp2zJ2BLkrcfnzBmGMvnlipnxW0u31noCvcGwuLy4SsL1l+dK3/uK6Dh9c9tlsS5ukB/4zmk/xnLsX3rDkMri57kyDXaUhyHRRFS79+rUmPTiMGVdMAb++T/LFiJWduGE+M9RhrZP/A/W8xUAz5oWT+DwzJ1S8JoWjm5fjFnAAAAABJRU5ErkJggg=='') !important;">&nbsp;</div>\n\n<div class="kl_layout_selector_label">Deutsch</div>\n</div>\n\n<div class="kl_layout_selector_option kl_layout_selector_option_middle" locale="es" style="display: none;">\n<div class="kl_layout_selector_icon" style="background-image: url(''data:image/png;base64,iVBORw0KGgoAAAANSUhEUgAAABAAAAAOCAYAAAAmL5yKAAAC7mlDQ1BJQ0MgUHJvZmlsZQAAeAGFVM9rE0EU/jZuqdAiCFprDrJ4kCJJWatoRdQ2/RFiawzbH7ZFkGQzSdZuNuvuJrWliOTi0SreRe2hB/+AHnrwZC9KhVpFKN6rKGKhFy3xzW5MtqXqwM5+8943731vdt8ADXLSNPWABOQNx1KiEWlsfEJq/IgAjqIJQTQlVdvsTiQGQYNz+Xvn2HoPgVtWw3v7d7J3rZrStpoHhP1A4Eea2Sqw7xdxClkSAog836Epx3QI3+PY8uyPOU55eMG1Dys9xFkifEA1Lc5/TbhTzSXTQINIOJT1cVI+nNeLlNcdB2luZsbIEL1PkKa7zO6rYqGcTvYOkL2d9H5Os94+wiHCCxmtP0a4jZ71jNU/4mHhpObEhj0cGDX0+GAVtxqp+DXCFF8QTSeiVHHZLg3xmK79VvJKgnCQOMpkYYBzWkhP10xu+LqHBX0m1xOv4ndWUeF5jxNn3tTd70XaAq8wDh0MGgyaDUhQEEUEYZiwUECGPBoxNLJyPyOrBhuTezJ1JGq7dGJEsUF7Ntw9t1Gk3Tz+KCJxlEO1CJL8Qf4qr8lP5Xn5y1yw2Fb3lK2bmrry4DvF5Zm5Gh7X08jjc01efJXUdpNXR5aseXq8muwaP+xXlzHmgjWPxHOw+/EtX5XMlymMFMXjVfPqS4R1WjE3359sfzs94i7PLrXWc62JizdWm5dn/WpI++6qvJPmVflPXvXx/GfNxGPiKTEmdornIYmXxS7xkthLqwviYG3HCJ2VhinSbZH6JNVgYJq89S9dP1t4vUZ/DPVRlBnM0lSJ93/CKmQ0nbkOb/qP28f8F+T3iuefKAIvbODImbptU3HvEKFlpW5zrgIXv9F98LZua6N+OPwEWDyrFq1SNZ8gvAEcdod6HugpmNOWls05Uocsn5O66cpiUsxQ20NSUtcl12VLFrOZVWLpdtiZ0x1uHKE5QvfEp0plk/qv8RGw/bBS+fmsUtl+ThrWgZf6b8C8/UXAeIuJAAAACXBIWXMAAAsTAAALEwEAmpwYAAABbklEQVQoFZVTTUsDMRB9cduKW0XbiuAnfuBJUUR/gl4Ff6c3L969CGIRob1URC9drP2Sdrfbprtd36QKdntofTAJmcx7mcwkCkCKNv8zc5oampFugsPi2+HZZ4QBFGamZkvgTuFxRQTSGISwT46nIysFRBH8p2eJT4uAFek+wlYbYb0xKsJAAyH9gZXLQjiEJQLYyhdgpZJUdtD1bbi1FJY2XCRUINvjUGsIdYGXB4xAj+Wwkw7cRgXVm020Sjn4lxq5ozLsOfJHEzCCPZMAhlXzO/QNKui/ZPF++4F68xxR7QqBI35aGLcKfI8+wpS9IwKyCJaR2e+jlL+Gd3/H9dA/lgEz+uWYK5gFT6kelLCaAS72HATbr3B3+UAkgzjoGxEonorOLCJ4aJpg34xfHMXiUOx8EVIEPSxiFwHJ7AKkYpMhj65LskCO1lKjB/hjV5WACdDSIHYT67SFCcHx7TYdZRGwaPKhZP4PJHH9DdVbglfXvCJbAAAAAElFTkSuQmCC'') !important;">&nbsp;</div>\n\n<div class="kl_layout_selector_label">Espa&ntilde;ol</div>\n</div>\n\n<div class="kl_layout_selector_option kl_layout_selector_option_middle" locale="fr" style="display: none;">\n<div class="kl_layout_selector_icon" style="background-image: url(''data:image/png;base64,iVBORw0KGgoAAAANSUhEUgAAABAAAAANCAYAAACgu+4kAAAC7mlDQ1BJQ0MgUHJvZmlsZQAAeAGFVM9rE0EU/jZuqdAiCFprDrJ4kCJJWatoRdQ2/RFiawzbH7ZFkGQzSdZuNuvuJrWliOTi0SreRe2hB/+AHnrwZC9KhVpFKN6rKGKhFy3xzW5MtqXqwM5+8943731vdt8ADXLSNPWABOQNx1KiEWlsfEJq/IgAjqIJQTQlVdvsTiQGQYNz+Xvn2HoPgVtWw3v7d7J3rZrStpoHhP1A4Eea2Sqw7xdxClkSAog836Epx3QI3+PY8uyPOU55eMG1Dys9xFkifEA1Lc5/TbhTzSXTQINIOJT1cVI+nNeLlNcdB2luZsbIEL1PkKa7zO6rYqGcTvYOkL2d9H5Os94+wiHCCxmtP0a4jZ71jNU/4mHhpObEhj0cGDX0+GAVtxqp+DXCFF8QTSeiVHHZLg3xmK79VvJKgnCQOMpkYYBzWkhP10xu+LqHBX0m1xOv4ndWUeF5jxNn3tTd70XaAq8wDh0MGgyaDUhQEEUEYZiwUECGPBoxNLJyPyOrBhuTezJ1JGq7dGJEsUF7Ntw9t1Gk3Tz+KCJxlEO1CJL8Qf4qr8lP5Xn5y1yw2Fb3lK2bmrry4DvF5Zm5Gh7X08jjc01efJXUdpNXR5aseXq8muwaP+xXlzHmgjWPxHOw+/EtX5XMlymMFMXjVfPqS4R1WjE3359sfzs94i7PLrXWc62JizdWm5dn/WpI++6qvJPmVflPXvXx/GfNxGPiKTEmdornIYmXxS7xkthLqwviYG3HCJ2VhinSbZH6JNVgYJq89S9dP1t4vUZ/DPVRlBnM0lSJ93/CKmQ0nbkOb/qP28f8F+T3iuefKAIvbODImbptU3HvEKFlpW5zrgIXv9F98LZua6N+OPwEWDyrFq1SNZ8gvAEcdod6HugpmNOWls05Uocsn5O66cpiUsxQ20NSUtcl12VLFrOZVWLpdtiZ0x1uHKE5QvfEp0plk/qv8RGw/bBS+fmsUtl+ThrWgZf6b8C8/UXAeIuJAAAACXBIWXMAAAsTAAALEwEAmpwYAAABPUlEQVQoFY1Sy07DMBAcp7QcAooQEhdOHJGKUMU38Flc+C5O+YBygF4B8Tr0kJI0JH7EMWsnTZoQHmut7VnvTiZrMwAT8r16peXfJikz3aEpmE2vlv2y+d11J7S4uOxgC6bzmyNL4Gtd4nx28i1hO+CfnVaQMcAYpLf3FvuWYKSURpJwrKJ1lTQw86fnJjo+PIBRyuKRJYCUEvEqRfzxaeGg6bglZ94ISgmX5wgE54iiFOk6s+oGTcVJE7cpgtseApUCnuP1YYlM5C44NInH9yasgxj5xHO4IqBCQ4pKGj9be2ZUgayspDoCJSQ87P5KYLbITaHBi8J9y+lQEO6YEc3G+0oYnWwGpEEm3S3UPYB0m3EF+7U1dmLd3v4qR0tA7dTI8NIpDMOwgxcYvGJJzwoB+TH5fqfib2AfxtsX0zCBpMQ+chEAAAAASUVORK5CYII='') !important;">&nbsp;</div>\n\n<div class="kl_layout_selector_label">Fran&ccedil;ais</div>\n</div>\n\n<div class="kl_layout_selector_option kl_layout_selector_option_middle" locale="it" style="display: none;">\n<div class="kl_layout_selector_icon" style="background-image: url(''data:image/png;base64,iVBORw0KGgoAAAANSUhEUgAAABAAAAAOCAYAAAAmL5yKAAAC7mlDQ1BJQ0MgUHJvZmlsZQAAeAGFVM9rE0EU/jZuqdAiCFprDrJ4kCJJWatoRdQ2/RFiawzbH7ZFkGQzSdZuNuvuJrWliOTi0SreRe2hB/+AHnrwZC9KhVpFKN6rKGKhFy3xzW5MtqXqwM5+8943731vdt8ADXLSNPWABOQNx1KiEWlsfEJq/IgAjqIJQTQlVdvsTiQGQYNz+Xvn2HoPgVtWw3v7d7J3rZrStpoHhP1A4Eea2Sqw7xdxClkSAog836Epx3QI3+PY8uyPOU55eMG1Dys9xFkifEA1Lc5/TbhTzSXTQINIOJT1cVI+nNeLlNcdB2luZsbIEL1PkKa7zO6rYqGcTvYOkL2d9H5Os94+wiHCCxmtP0a4jZ71jNU/4mHhpObEhj0cGDX0+GAVtxqp+DXCFF8QTSeiVHHZLg3xmK79VvJKgnCQOMpkYYBzWkhP10xu+LqHBX0m1xOv4ndWUeF5jxNn3tTd70XaAq8wDh0MGgyaDUhQEEUEYZiwUECGPBoxNLJyPyOrBhuTezJ1JGq7dGJEsUF7Ntw9t1Gk3Tz+KCJxlEO1CJL8Qf4qr8lP5Xn5y1yw2Fb3lK2bmrry4DvF5Zm5Gh7X08jjc01efJXUdpNXR5aseXq8muwaP+xXlzHmgjWPxHOw+/EtX5XMlymMFMXjVfPqS4R1WjE3359sfzs94i7PLrXWc62JizdWm5dn/WpI++6qvJPmVflPXvXx/GfNxGPiKTEmdornIYmXxS7xkthLqwviYG3HCJ2VhinSbZH6JNVgYJq89S9dP1t4vUZ/DPVRlBnM0lSJ93/CKmQ0nbkOb/qP28f8F+T3iuefKAIvbODImbptU3HvEKFlpW5zrgIXv9F98LZua6N+OPwEWDyrFq1SNZ8gvAEcdod6HugpmNOWls05Uocsn5O66cpiUsxQ20NSUtcl12VLFrOZVWLpdtiZ0x1uHKE5QvfEp0plk/qv8RGw/bBS+fmsUtl+ThrWgZf6b8C8/UXAeIuJAAAACXBIWXMAAAsTAAALEwEAmpwYAAABVElEQVQoFZVTS07DMBB9TtKwKKWCBRJix4IF6hXYIK7BBbgPF+Ae3VScAJYsqiJRIVhU5Gs7js3YifIjCLA0nnnjNy+jscMAhGT7tSf35yWJmQS0za/ub9+HZcubu15qfXndwxacPSyPrcBU6xKLk/NvhG5ib3HhoAcGDQP++GTx1Ar4hVaIRYpdHjnS2KY2mybtHx3CFMpi3wpAygJRniAm+2mVUdwcMd+HktzhSkBw7HiEVGbUnGmI3UB/tt0poghuZwg4AZELbM0bMpF1a3qxfNk22DuIkAWew7VADi8MYYxuSMNA686ZKpC5EdQdSC4QzAISGG/fiXUEWFGCm0rB9aFIAB3C8OsOMwbUZueUVbdQzUCJwg0vqC5ltN6bTNp8Se9AtEOUhhLJ80dLoGi1WvXwOh29Ykl9YU52SjbrVfwO7MN4tQI+mf2hrP/PKoksvwArhYzX7rtqFAAAAABJRU5ErkJggg=='') !important;">&nbsp;</div>\n\n<div class="kl_layout_selector_label">Italiano</div>\n</div>\n\n<div class="kl_layout_selector_option kl_layout_selector_option_middle" locale="pl" style="display: none;">\n<div class="kl_layout_selector_icon" style="background-image: url(''data:image/png;base64,iVBORw0KGgoAAAANSUhEUgAAABAAAAAOCAYAAAAmL5yKAAAC7mlDQ1BJQ0MgUHJvZmlsZQAAeAGFVM9rE0EU/jZuqdAiCFprDrJ4kCJJWatoRdQ2/RFiawzbH7ZFkGQzSdZuNuvuJrWliOTi0SreRe2hB/+AHnrwZC9KhVpFKN6rKGKhFy3xzW5MtqXqwM5+8943731vdt8ADXLSNPWABOQNx1KiEWlsfEJq/IgAjqIJQTQlVdvsTiQGQYNz+Xvn2HoPgVtWw3v7d7J3rZrStpoHhP1A4Eea2Sqw7xdxClkSAog836Epx3QI3+PY8uyPOU55eMG1Dys9xFkifEA1Lc5/TbhTzSXTQINIOJT1cVI+nNeLlNcdB2luZsbIEL1PkKa7zO6rYqGcTvYOkL2d9H5Os94+wiHCCxmtP0a4jZ71jNU/4mHhpObEhj0cGDX0+GAVtxqp+DXCFF8QTSeiVHHZLg3xmK79VvJKgnCQOMpkYYBzWkhP10xu+LqHBX0m1xOv4ndWUeF5jxNn3tTd70XaAq8wDh0MGgyaDUhQEEUEYZiwUECGPBoxNLJyPyOrBhuTezJ1JGq7dGJEsUF7Ntw9t1Gk3Tz+KCJxlEO1CJL8Qf4qr8lP5Xn5y1yw2Fb3lK2bmrry4DvF5Zm5Gh7X08jjc01efJXUdpNXR5aseXq8muwaP+xXlzHmgjWPxHOw+/EtX5XMlymMFMXjVfPqS4R1WjE3359sfzs94i7PLrXWc62JizdWm5dn/WpI++6qvJPmVflPXvXx/GfNxGPiKTEmdornIYmXxS7xkthLqwviYG3HCJ2VhinSbZH6JNVgYJq89S9dP1t4vUZ/DPVRlBnM0lSJ93/CKmQ0nbkOb/qP28f8F+T3iuefKAIvbODImbptU3HvEKFlpW5zrgIXv9F98LZua6N+OPwEWDyrFq1SNZ8gvAEcdod6HugpmNOWls05Uocsn5O66cpiUsxQ20NSUtcl12VLFrOZVWLpdtiZ0x1uHKE5QvfEp0plk/qv8RGw/bBS+fmsUtl+ThrWgZf6b8C8/UXAeIuJAAAACXBIWXMAAAsTAAALEwEAmpwYAAAA5ElEQVQoFZVTSw6CMBB95WNiwIAbNx7Apfc/g1uv4MaNJqJA+YwzRZJZgJQmQ2em7z2m09YA2LClv5kn72EZWUT8yYjo7k1TQGPMIeA4Ubm1biIC4VqWwocigLZtVc7PHTlOoK5rP5ZCjRxpIq6nM/ZNh/5ZKMi8G+QpHvGwcydQcgV5ZwBL8yy1Qvyzsh+27QSq0sIEIQi9gs27hntW2c4BnMDHNqBY2sFVeAzqCJ+mccihAg4oioGtCxcliHpUSoCLIVzK9yJxAmCl5oztyLabAPxLvXjxJgJyHvKg1t5I6aL9AtuETWwlOflvAAAAAElFTkSuQmCC'') !important;">&nbsp;</div>\n\n<div class="kl_layout_selector_label">Polski</div>\n</div>\n\n<div class="kl_layout_selector_option kl_layout_selector_option_middle" locale="pt" style="display: none;">\n<div class="kl_layout_selector_icon" style="background-image: url(''data:image/png;base64,iVBORw0KGgoAAAANSUhEUgAAABAAAAAOCAYAAAAmL5yKAAAC7mlDQ1BJQ0MgUHJvZmlsZQAAeAGFVM9rE0EU/jZuqdAiCFprDrJ4kCJJWatoRdQ2/RFiawzbH7ZFkGQzSdZuNuvuJrWliOTi0SreRe2hB/+AHnrwZC9KhVpFKN6rKGKhFy3xzW5MtqXqwM5+8943731vdt8ADXLSNPWABOQNx1KiEWlsfEJq/IgAjqIJQTQlVdvsTiQGQYNz+Xvn2HoPgVtWw3v7d7J3rZrStpoHhP1A4Eea2Sqw7xdxClkSAog836Epx3QI3+PY8uyPOU55eMG1Dys9xFkifEA1Lc5/TbhTzSXTQINIOJT1cVI+nNeLlNcdB2luZsbIEL1PkKa7zO6rYqGcTvYOkL2d9H5Os94+wiHCCxmtP0a4jZ71jNU/4mHhpObEhj0cGDX0+GAVtxqp+DXCFF8QTSeiVHHZLg3xmK79VvJKgnCQOMpkYYBzWkhP10xu+LqHBX0m1xOv4ndWUeF5jxNn3tTd70XaAq8wDh0MGgyaDUhQEEUEYZiwUECGPBoxNLJyPyOrBhuTezJ1JGq7dGJEsUF7Ntw9t1Gk3Tz+KCJxlEO1CJL8Qf4qr8lP5Xn5y1yw2Fb3lK2bmrry4DvF5Zm5Gh7X08jjc01efJXUdpNXR5aseXq8muwaP+xXlzHmgjWPxHOw+/EtX5XMlymMFMXjVfPqS4R1WjE3359sfzs94i7PLrXWc62JizdWm5dn/WpI++6qvJPmVflPXvXx/GfNxGPiKTEmdornIYmXxS7xkthLqwviYG3HCJ2VhinSbZH6JNVgYJq89S9dP1t4vUZ/DPVRlBnM0lSJ93/CKmQ0nbkOb/qP28f8F+T3iuefKAIvbODImbptU3HvEKFlpW5zrgIXv9F98LZua6N+OPwEWDyrFq1SNZ8gvAEcdod6HugpmNOWls05Uocsn5O66cpiUsxQ20NSUtcl12VLFrOZVWLpdtiZ0x1uHKE5QvfEp0plk/qv8RGw/bBS+fmsUtl+ThrWgZf6b8C8/UXAeIuJAAAACXBIWXMAAAsTAAALEwEAmpwYAAAB8ElEQVQoFZWSz2pTURDGf/fe5DYxiUmttDVSRFBwYVcFlwqCD9C1L+CjuFWfoOJCEFy4K27UhS5KN0IQkSLF1jZpQyTJ/X/uOc65N1WkXdiBOcMM33znmznHAXzx5ixK+G9LBTmtyNG+++LR4KQtdxw8Y9h49uWkdCoabahe6rCy+WbREjTyXLO6fKMAasfFNZr6qnuqsSw4GK3Idvds2rAEnsoVkyRiGE3QFc0Vd0p/YY/5bQcnB1Nxyt7Z6bYvgsps5lkCMpUyiqek6hf38j6twxg9GDO45TPfE9RIbv1HkCFL7QqgIIjjmKMg5H63x8PtKcFoHb3ikQw3GV8/pv3+AqYqaFP0yAg5iYxtrSBIo4RA7zOc+8an7x28B+tknQbXnjwn6O5Q+3EZLH6mwmnVCZek9ocgjlCVOv2sSdgac/vjKzK/iX9nl9qOoAq1s+slNVlOlCS2v+RMQ0EYxefjLr21iHd6g7mtx+ihova2JTDZZCHBytA4aSYE5Q4KUSqJC1CQ1nn5c43XNxeIfZfFpx3cA/vP7Cv8daMMUVoqKHagEiXf0eBXXXKnwkGyxPKHQ/K69J1hJtbEyqoql5iiNOHXo6KgRZMrSreioMjPOoyM4ely/1ZXW/yquB32PDYR8L4l8MTtoDaex+wM6W+StdCJDVH2GgAAAABJRU5ErkJggg=='') !important;">&nbsp;</div>\n\n<div class="kl_layout_selector_label">Portugu&ecirc;s</div>\n</div>\n\n<div class="kl_layout_selector_option kl_layout_selector_option_middle" locale="ru" style="display: none;">\n<div class="kl_layout_selector_icon" style="background-image: url(''data:image/png;base64,iVBORw0KGgoAAAANSUhEUgAAABAAAAANCAYAAACgu+4kAAAC7mlDQ1BJQ0MgUHJvZmlsZQAAeAGFVM9rE0EU/jZuqdAiCFprDrJ4kCJJWatoRdQ2/RFiawzbH7ZFkGQzSdZuNuvuJrWliOTi0SreRe2hB/+AHnrwZC9KhVpFKN6rKGKhFy3xzW5MtqXqwM5+8943731vdt8ADXLSNPWABOQNx1KiEWlsfEJq/IgAjqIJQTQlVdvsTiQGQYNz+Xvn2HoPgVtWw3v7d7J3rZrStpoHhP1A4Eea2Sqw7xdxClkSAog836Epx3QI3+PY8uyPOU55eMG1Dys9xFkifEA1Lc5/TbhTzSXTQINIOJT1cVI+nNeLlNcdB2luZsbIEL1PkKa7zO6rYqGcTvYOkL2d9H5Os94+wiHCCxmtP0a4jZ71jNU/4mHhpObEhj0cGDX0+GAVtxqp+DXCFF8QTSeiVHHZLg3xmK79VvJKgnCQOMpkYYBzWkhP10xu+LqHBX0m1xOv4ndWUeF5jxNn3tTd70XaAq8wDh0MGgyaDUhQEEUEYZiwUECGPBoxNLJyPyOrBhuTezJ1JGq7dGJEsUF7Ntw9t1Gk3Tz+KCJxlEO1CJL8Qf4qr8lP5Xn5y1yw2Fb3lK2bmrry4DvF5Zm5Gh7X08jjc01efJXUdpNXR5aseXq8muwaP+xXlzHmgjWPxHOw+/EtX5XMlymMFMXjVfPqS4R1WjE3359sfzs94i7PLrXWc62JizdWm5dn/WpI++6qvJPmVflPXvXx/GfNxGPiKTEmdornIYmXxS7xkthLqwviYG3HCJ2VhinSbZH6JNVgYJq89S9dP1t4vUZ/DPVRlBnM0lSJ93/CKmQ0nbkOb/qP28f8F+T3iuefKAIvbODImbptU3HvEKFlpW5zrgIXv9F98LZua6N+OPwEWDyrFq1SNZ8gvAEcdod6HugpmNOWls05Uocsn5O66cpiUsxQ20NSUtcl12VLFrOZVWLpdtiZ0x1uHKE5QvfEp0plk/qv8RGw/bBS+fmsUtl+ThrWgZf6b8C8/UXAeIuJAAAACXBIWXMAAAsTAAALEwEAmpwYAAAA+UlEQVQoFZVQW27CMBAcJyFQwkOAxA9/baWepTfoBTlDD9EroP5U7QcSIBSSEMfxdteAZAmkJCutvbOeGa9WAYg5R9ebr9ahmXmK+JgS0ba1zCMqpZYB48TrdS0TMQi7qjx+KAYwxni9duVNIzvA28ca88UM6akEeXrFtY9vT5NRH/vdwUFnUJYFfv4CZLkstjmOwxgRCke8GOQFKB7C2kf/3RsaQ6j1xUCmfPlMlpvnIIRNz/fsB51gPMC3rfGebV/dBLmuQD3Zp/g1B9WEvKoc0RmcGVDUA54cbHQgshCNhCh0zbv+KjLX6HhomXnKueIcdxSnzP/9B9NWUmzSO7dBAAAAAElFTkSuQmCC'') !important;">&nbsp;</div>\n\n<div class="kl_layout_selector_label">Русский</div>\n</div>\n\n<div class="kl_layout_selector_option_bottom">&nbsp;</div>\n</div>\n</div>\n\n<div class="kl_button kl_system kl_system_alt" focus="return false;" onselectstart="return false;"><canvas class="button_canvas" height="32" width="32">alt</canvas></div>\n\n<div class="kl_button kl_system kl_system_space" focus="return false;" onselectstart="return false;"><canvas class="button_canvas" height="32" width="32"> </canvas></div>\n\n<div class="kl_button kl_system kl_system_alt" focus="return false;" onselectstart="return false;"><canvas class="button_canvas" height="32" width="32">alt</canvas></div>\n\n<div class="kl_spacer">&nbsp;</div>\n</div>\n</div>\n</div>\n\n<div class="kl_keyboard ui-draggable" style="">\n<div class="kl_hook">\n<div class="kl_kb_close_button">&nbsp;</div>\n\n<div class="kl_kb_settings_button">Param&egrave;tres</div>\n</div>\n</div>', '', 0, 1, '2014-05-13 13:59:32', '2014-05-13 13:59:32'),
(36, 4, 4, 'test je suis Henri Lepic', '<p>je suis hihi</p>', '', 0, 1, '2014-05-13 13:59:59', '2014-05-13 13:59:59');
INSERT INTO `forum` (`id`, `user_id`, `forum_category_id`, `title`, `text`, `keywords`, `is_solved`, `is_online`, `created_at`, `updated_at`) VALUES
(37, 4, 5, 'test je suis Henri Lepic hi', '<p>je suis hihi ha</p>\n\n<div aria-disabled="false" class="kl_keyboard ui-draggable" style="">\n<div class="kl_hook">\n<div class="kl_kb_close_button">&nbsp;</div>\n\n<div class="kl_kb_settings_button">Param&egrave;tres</div>\n</div>\n\n<div class="kl_layout">\n<div class="kl_set" id="kl_current_set">\n<div class="kl_button kl_all" focus="return false;" onselectstart="return false;"><canvas class="button_canvas" height="32" width="32">&sect;</canvas></div>\n\n<div class="kl_button kl_all" focus="return false;" onselectstart="return false;"><canvas class="button_canvas" height="32" width="32">1</canvas></div>\n\n<div class="kl_button kl_all" focus="return false;" onselectstart="return false;"><canvas class="button_canvas" height="32" width="32">2</canvas></div>\n\n<div class="kl_button kl_all" focus="return false;" onselectstart="return false;"><canvas class="button_canvas" height="32" width="32">3</canvas></div>\n\n<div class="kl_button kl_all" focus="return false;" onselectstart="return false;"><canvas class="button_canvas" height="32" width="32">4</canvas></div>\n\n<div class="kl_button kl_all" focus="return false;" onselectstart="return false;"><canvas class="button_canvas" height="32" width="32">5</canvas></div>\n\n<div class="kl_button kl_all" focus="return false;" onselectstart="return false;"><canvas class="button_canvas" height="32" width="32">6</canvas></div>\n\n<div class="kl_button kl_all" focus="return false;" onselectstart="return false;"><canvas class="button_canvas" height="32" width="32">7</canvas></div>\n\n<div class="kl_button kl_all" focus="return false;" onselectstart="return false;"><canvas class="button_canvas" height="32" width="32">8</canvas></div>\n\n<div class="kl_button kl_all" focus="return false;" onselectstart="return false;"><canvas class="button_canvas" height="32" width="32">9</canvas></div>\n\n<div class="kl_button kl_all" focus="return false;" onselectstart="return false;"><canvas class="button_canvas" height="32" width="32">0</canvas></div>\n\n<div class="kl_button kl_all" focus="return false;" onselectstart="return false;"><canvas class="button_canvas" height="32" width="32">-</canvas></div>\n\n<div class="kl_button kl_all" focus="return false;" onselectstart="return false;"><canvas class="button_canvas" height="32" width="32">=</canvas></div>\n\n<div class="kl_button kl_system kl_system_backspace" focus="return false;" onselectstart="return false;"><canvas class="system_button_canvas" height="32" width="100">Backspace</canvas></div>\n\n<div class="kl_spacer">&nbsp;</div>\n\n<div class="kl_button kl_system" focus="return false;" onselectstart="return false;"><canvas class="system_button_canvas" height="32" width="32">Tab</canvas></div>\n\n<div class="kl_button kl_all" focus="return false;" onselectstart="return false;"><canvas class="button_canvas" height="32" width="32">q</canvas></div>\n\n<div class="kl_button kl_all" focus="return false;" onselectstart="return false;"><canvas class="button_canvas" height="32" width="32">w</canvas></div>\n\n<div class="kl_button kl_all" focus="return false;" onselectstart="return false;"><canvas class="button_canvas" height="32" width="32">e</canvas></div>\n\n<div class="kl_button kl_all" focus="return false;" onselectstart="return false;"><canvas class="button_canvas" height="32" width="32">r</canvas></div>\n\n<div class="kl_button kl_all" focus="return false;" onselectstart="return false;"><canvas class="button_canvas" height="32" width="32">t</canvas></div>\n\n<div class="kl_button kl_all" focus="return false;" onselectstart="return false;"><canvas class="button_canvas" height="32" width="32">y</canvas></div>\n\n<div class="kl_button kl_all" focus="return false;" onselectstart="return false;"><canvas class="button_canvas" height="32" width="32">u</canvas></div>\n\n<div class="kl_button kl_all" focus="return false;" onselectstart="return false;"><canvas class="button_canvas" height="32" width="32">i</canvas></div>\n\n<div class="kl_button kl_all" focus="return false;" onselectstart="return false;"><canvas class="button_canvas" height="32" width="32">o</canvas></div>\n\n<div class="kl_button kl_all" focus="return false;" onselectstart="return false;"><canvas class="button_canvas" height="32" width="32">p</canvas></div>\n\n<div class="kl_button kl_all" focus="return false;" onselectstart="return false;"><canvas class="button_canvas" height="32" width="32">[</canvas></div>\n\n<div class="kl_button kl_all" focus="return false;" onselectstart="return false;"><canvas class="button_canvas" height="32" width="32">]</canvas></div>\n\n<div class="kl_system kl_system_return" focus="return false;" onselectstart="return false;">\n<div class="kl_return_lower_shadow">&nbsp;</div>\n\n<div class="kl_return_upper"><canvas class="system_button_canvas" height="50" width="100">Return</canvas></div>\n\n<div class="kl_return_lower">&nbsp;</div>\n</div>\n\n<div class="kl_spacer">&nbsp;</div>\n\n<div class="kl_button kl_system kl_system_capslock" focus="return false;" onselectstart="return false;"><canvas class="system_button_canvas" height="32" width="32">capslock</canvas></div>\n\n<div class="kl_button kl_all" focus="return false;" onselectstart="return false;"><canvas class="button_canvas" height="32" width="32">a</canvas></div>\n\n<div class="kl_button kl_all" focus="return false;" onselectstart="return false;"><canvas class="button_canvas" height="32" width="32">s</canvas></div>\n\n<div class="kl_button kl_all" focus="return false;" onselectstart="return false;"><canvas class="button_canvas" height="32" width="32">d</canvas></div>\n\n<div class="kl_button kl_all" focus="return false;" onselectstart="return false;"><canvas class="button_canvas" height="32" width="32">f</canvas></div>\n\n<div class="kl_button kl_all" focus="return false;" onselectstart="return false;"><canvas class="button_canvas" height="32" width="32">g</canvas></div>\n\n<div class="kl_button kl_all" focus="return false;" onselectstart="return false;"><canvas class="button_canvas" height="32" width="32">h</canvas></div>\n\n<div class="kl_button kl_all" focus="return false;" onselectstart="return false;"><canvas class="button_canvas" height="32" width="32">j</canvas></div>\n\n<div class="kl_button kl_all" focus="return false;" onselectstart="return false;"><canvas class="button_canvas" height="32" width="32">k</canvas></div>\n\n<div class="kl_button kl_all" focus="return false;" onselectstart="return false;"><canvas class="button_canvas" height="32" width="32">l</canvas></div>\n\n<div class="kl_button kl_all" focus="return false;" onselectstart="return false;"><canvas class="button_canvas" height="32" width="32">;</canvas></div>\n\n<div class="kl_button kl_all" focus="return false;" onselectstart="return false;"><canvas class="button_canvas" height="32" width="32">&#39;</canvas></div>\n\n<div class="kl_button kl_all" focus="return false;" onselectstart="return false;"><canvas class="button_canvas" height="32" width="32">\\</canvas></div>\n\n<div class="kl_spacer">&nbsp;</div>\n\n<div class="kl_button kl_system kl_system_shift" focus="return false;" onselectstart="return false;"><canvas class="system_button_canvas" height="32" width="32">shift</canvas></div>\n\n<div class="kl_button kl_all" focus="return false;" onselectstart="return false;"><canvas class="button_canvas" height="32" width="32">`</canvas></div>\n\n<div class="kl_button kl_all" focus="return false;" onselectstart="return false;"><canvas class="button_canvas" height="32" width="32">z</canvas></div>\n\n<div class="kl_button kl_all" focus="return false;" onselectstart="return false;"><canvas class="button_canvas" height="32" width="32">x</canvas></div>\n\n<div class="kl_button kl_all" focus="return false;" onselectstart="return false;"><canvas class="button_canvas" height="32" width="32">c</canvas></div>\n\n<div class="kl_button kl_all" focus="return false;" onselectstart="return false;"><canvas class="button_canvas" height="32" width="32">v</canvas></div>\n\n<div class="kl_button kl_all" focus="return false;" onselectstart="return false;"><canvas class="button_canvas" height="32" width="32">b</canvas></div>\n\n<div class="kl_button kl_all" focus="return false;" onselectstart="return false;"><canvas class="button_canvas" height="32" width="32">n</canvas></div>\n\n<div class="kl_button kl_all" focus="return false;" onselectstart="return false;"><canvas class="button_canvas" height="32" width="32">m</canvas></div>\n\n<div class="kl_button kl_all" focus="return false;" onselectstart="return false;"><canvas class="button_canvas" height="32" width="32">,</canvas></div>\n\n<div class="kl_button kl_all" focus="return false;" onselectstart="return false;"><canvas class="button_canvas" height="32" width="32">.</canvas></div>\n\n<div class="kl_button kl_all" focus="return false;" onselectstart="return false;"><canvas class="button_canvas" height="32" width="32">/</canvas></div>\n\n<div class="kl_button kl_system kl_system_shift_right" focus="return false;" onselectstart="return false;"><canvas class="system_button_canvas" height="32" width="32">shift</canvas></div>\n\n<div class="kl_spacer">&nbsp;</div>\n\n<div class="kl_layout_selector kl_top_round_corners kl_bottom_round_corners">\n<div class="kl_layout_selector_icon_button" style="background-image: url(''data:image/png;base64,iVBORw0KGgoAAAANSUhEUgAAABAAAAAOCAYAAAAmL5yKAAAC7mlDQ1BJQ0MgUHJvZmlsZQAAeAGFVM9rE0EU/jZuqdAiCFprDrJ4kCJJWatoRdQ2/RFiawzbH7ZFkGQzSdZuNuvuJrWliOTi0SreRe2hB/+AHnrwZC9KhVpFKN6rKGKhFy3xzW5MtqXqwM5+8943731vdt8ADXLSNPWABOQNx1KiEWlsfEJq/IgAjqIJQTQlVdvsTiQGQYNz+Xvn2HoPgVtWw3v7d7J3rZrStpoHhP1A4Eea2Sqw7xdxClkSAog836Epx3QI3+PY8uyPOU55eMG1Dys9xFkifEA1Lc5/TbhTzSXTQINIOJT1cVI+nNeLlNcdB2luZsbIEL1PkKa7zO6rYqGcTvYOkL2d9H5Os94+wiHCCxmtP0a4jZ71jNU/4mHhpObEhj0cGDX0+GAVtxqp+DXCFF8QTSeiVHHZLg3xmK79VvJKgnCQOMpkYYBzWkhP10xu+LqHBX0m1xOv4ndWUeF5jxNn3tTd70XaAq8wDh0MGgyaDUhQEEUEYZiwUECGPBoxNLJyPyOrBhuTezJ1JGq7dGJEsUF7Ntw9t1Gk3Tz+KCJxlEO1CJL8Qf4qr8lP5Xn5y1yw2Fb3lK2bmrry4DvF5Zm5Gh7X08jjc01efJXUdpNXR5aseXq8muwaP+xXlzHmgjWPxHOw+/EtX5XMlymMFMXjVfPqS4R1WjE3359sfzs94i7PLrXWc62JizdWm5dn/WpI++6qvJPmVflPXvXx/GfNxGPiKTEmdornIYmXxS7xkthLqwviYG3HCJ2VhinSbZH6JNVgYJq89S9dP1t4vUZ/DPVRlBnM0lSJ93/CKmQ0nbkOb/qP28f8F+T3iuefKAIvbODImbptU3HvEKFlpW5zrgIXv9F98LZua6N+OPwEWDyrFq1SNZ8gvAEcdod6HugpmNOWls05Uocsn5O66cpiUsxQ20NSUtcl12VLFrOZVWLpdtiZ0x1uHKE5QvfEp0plk/qv8RGw/bBS+fmsUtl+ThrWgZf6b8C8/UXAeIuJAAAACXBIWXMAAAsTAAALEwEAmpwYAAACW0lEQVQoFZVTbUhTURh+7r5y7qsf+TFMsk1QGlZIBhHGnEmS/dCyEgnKKFpKEBIJJdEHUrEkIqIfRQsyCYp+7Mda0J/AEauEgjKtYa0p0iyabmvudnfXe84d1s98L+d9n/ue933Oc885VwCgo2HMRwr/bSJVJjXkLB+OnopV72rAtbAZD24HkFlII+jrxuTew0BWgu2RF672O/it0qGrSkZneRbaI4dgWl1WzAgMfZESXByNoKdlM2rXd+Hh/SBUeh0MNdVEIHNcV+9Aq1WEs0KHREMTuvt8TKqBEag/fZzGYOladMb8qHcUYdXxbZBFCZnPUUCSCGfRYfyGDSVmfNnowuA5P16PvGEEaoGcfW4iHNbp9chJWZZctMk9B4lAhu3x3cUcA4JGDTGdhqWqspIpwNj2DhiNZkjz80COZchyBNQqHidcOwEVrSUrk9rlZiRTCV7GCX4tZKCJfYWUSIJJUspkwnya3iXKCvxhc5LJiJSp4C+B9d4NrLRalVV5WnHja5yQqdkxNvJPlqAgYGpmBnBtAWkE6lwe1DTdROjHMhQ+8SPUe5k3yORzeT3jqQIUBvx43jOATa1e6rnKazhBqd2KQOAEGgO3MOR7h/2j7F7RZ3PRHGLH1gEMlzeixd0Mb0UUNrslX0Pher8TxZ4LOP10FsdeCIjPTildtNuAluNMIg737rM4+b4I63oPoH+FUsN2SZSGhuH5LuPS27jSSD746iWitXbksln8JDwn050gu3L+DCL72uBuawZCz0S26UxLGQ0TjaUYO8dpRsB0sh+KxaUYu3XiH2vAxzq/eTGQAAAAAElFTkSuQmCC'') !important;">&nbsp;</div>\n\n<div class="kl_layout_selector_label_button">English</div>\n\n<div class="kl_layout_list_container">\n<div class="kl_layout_selector_option_top">&nbsp;</div>\n\n<div class="kl_layout_selector_option kl_layout_selector_option_middle" locale="de" style="display: none;">\n<div class="kl_layout_selector_icon" style="background-image: url(''data:image/png;base64,iVBORw0KGgoAAAANSUhEUgAAABAAAAAOCAYAAAAmL5yKAAAC7mlDQ1BJQ0MgUHJvZmlsZQAAeAGFVM9rE0EU/jZuqdAiCFprDrJ4kCJJWatoRdQ2/RFiawzbH7ZFkGQzSdZuNuvuJrWliOTi0SreRe2hB/+AHnrwZC9KhVpFKN6rKGKhFy3xzW5MtqXqwM5+8943731vdt8ADXLSNPWABOQNx1KiEWlsfEJq/IgAjqIJQTQlVdvsTiQGQYNz+Xvn2HoPgVtWw3v7d7J3rZrStpoHhP1A4Eea2Sqw7xdxClkSAog836Epx3QI3+PY8uyPOU55eMG1Dys9xFkifEA1Lc5/TbhTzSXTQINIOJT1cVI+nNeLlNcdB2luZsbIEL1PkKa7zO6rYqGcTvYOkL2d9H5Os94+wiHCCxmtP0a4jZ71jNU/4mHhpObEhj0cGDX0+GAVtxqp+DXCFF8QTSeiVHHZLg3xmK79VvJKgnCQOMpkYYBzWkhP10xu+LqHBX0m1xOv4ndWUeF5jxNn3tTd70XaAq8wDh0MGgyaDUhQEEUEYZiwUECGPBoxNLJyPyOrBhuTezJ1JGq7dGJEsUF7Ntw9t1Gk3Tz+KCJxlEO1CJL8Qf4qr8lP5Xn5y1yw2Fb3lK2bmrry4DvF5Zm5Gh7X08jjc01efJXUdpNXR5aseXq8muwaP+xXlzHmgjWPxHOw+/EtX5XMlymMFMXjVfPqS4R1WjE3359sfzs94i7PLrXWc62JizdWm5dn/WpI++6qvJPmVflPXvXx/GfNxGPiKTEmdornIYmXxS7xkthLqwviYG3HCJ2VhinSbZH6JNVgYJq89S9dP1t4vUZ/DPVRlBnM0lSJ93/CKmQ0nbkOb/qP28f8F+T3iuefKAIvbODImbptU3HvEKFlpW5zrgIXv9F98LZua6N+OPwEWDyrFq1SNZ8gvAEcdod6HugpmNOWls05Uocsn5O66cpiUsxQ20NSUtcl12VLFrOZVWLpdtiZ0x1uHKE5QvfEp0plk/qv8RGw/bBS+fmsUtl+ThrWgZf6b8C8/UXAeIuJAAAACXBIWXMAAAsTAAALEwEAmpwYAAABG0lEQVQoFZVTu26EMBAc8CmKdHe5UCRNuvsBdPxFfjVlviFVCiTaFCkiRYquQXAP8/I5sw4IrgCRkdb2emfGayw8ADeMVTtzmo2KzOOCwyaKov1s2YAYx/GjGCyNMQjDcFAaX3qeB2stkiQR0lIMVF3XyPMcaZpeKYUoENEQQRBANIQSA5dkWQaJOfB9vzOAM3jJLrhbnGAOJdhf7yEnD/O2osoTcmp2zJ2BLkrcfnzBmGMvnlipnxW0u31noCvcGwuLy4SsL1l+dK3/uK6Dh9c9tlsS5ukB/4zmk/xnLsX3rDkMri57kyDXaUhyHRRFS79+rUmPTiMGVdMAb++T/LFiJWduGE+M9RhrZP/A/W8xUAz5oWT+DwzJ1S8JoWjm5fjFnAAAAABJRU5ErkJggg=='') !important;">&nbsp;</div>\n\n<div class="kl_layout_selector_label">Deutsch</div>\n</div>\n\n<div class="kl_layout_selector_option kl_layout_selector_option_middle" locale="es" style="display: none;">\n<div class="kl_layout_selector_icon" style="background-image: url(''data:image/png;base64,iVBORw0KGgoAAAANSUhEUgAAABAAAAAOCAYAAAAmL5yKAAAC7mlDQ1BJQ0MgUHJvZmlsZQAAeAGFVM9rE0EU/jZuqdAiCFprDrJ4kCJJWatoRdQ2/RFiawzbH7ZFkGQzSdZuNuvuJrWliOTi0SreRe2hB/+AHnrwZC9KhVpFKN6rKGKhFy3xzW5MtqXqwM5+8943731vdt8ADXLSNPWABOQNx1KiEWlsfEJq/IgAjqIJQTQlVdvsTiQGQYNz+Xvn2HoPgVtWw3v7d7J3rZrStpoHhP1A4Eea2Sqw7xdxClkSAog836Epx3QI3+PY8uyPOU55eMG1Dys9xFkifEA1Lc5/TbhTzSXTQINIOJT1cVI+nNeLlNcdB2luZsbIEL1PkKa7zO6rYqGcTvYOkL2d9H5Os94+wiHCCxmtP0a4jZ71jNU/4mHhpObEhj0cGDX0+GAVtxqp+DXCFF8QTSeiVHHZLg3xmK79VvJKgnCQOMpkYYBzWkhP10xu+LqHBX0m1xOv4ndWUeF5jxNn3tTd70XaAq8wDh0MGgyaDUhQEEUEYZiwUECGPBoxNLJyPyOrBhuTezJ1JGq7dGJEsUF7Ntw9t1Gk3Tz+KCJxlEO1CJL8Qf4qr8lP5Xn5y1yw2Fb3lK2bmrry4DvF5Zm5Gh7X08jjc01efJXUdpNXR5aseXq8muwaP+xXlzHmgjWPxHOw+/EtX5XMlymMFMXjVfPqS4R1WjE3359sfzs94i7PLrXWc62JizdWm5dn/WpI++6qvJPmVflPXvXx/GfNxGPiKTEmdornIYmXxS7xkthLqwviYG3HCJ2VhinSbZH6JNVgYJq89S9dP1t4vUZ/DPVRlBnM0lSJ93/CKmQ0nbkOb/qP28f8F+T3iuefKAIvbODImbptU3HvEKFlpW5zrgIXv9F98LZua6N+OPwEWDyrFq1SNZ8gvAEcdod6HugpmNOWls05Uocsn5O66cpiUsxQ20NSUtcl12VLFrOZVWLpdtiZ0x1uHKE5QvfEp0plk/qv8RGw/bBS+fmsUtl+ThrWgZf6b8C8/UXAeIuJAAAACXBIWXMAAAsTAAALEwEAmpwYAAABbklEQVQoFZVTTUsDMRB9cduKW0XbiuAnfuBJUUR/gl4Ff6c3L969CGIRob1URC9drP2Sdrfbprtd36QKdntofTAJmcx7mcwkCkCKNv8zc5oampFugsPi2+HZZ4QBFGamZkvgTuFxRQTSGISwT46nIysFRBH8p2eJT4uAFek+wlYbYb0xKsJAAyH9gZXLQjiEJQLYyhdgpZJUdtD1bbi1FJY2XCRUINvjUGsIdYGXB4xAj+Wwkw7cRgXVm020Sjn4lxq5ozLsOfJHEzCCPZMAhlXzO/QNKui/ZPF++4F68xxR7QqBI35aGLcKfI8+wpS9IwKyCJaR2e+jlL+Gd3/H9dA/lgEz+uWYK5gFT6kelLCaAS72HATbr3B3+UAkgzjoGxEonorOLCJ4aJpg34xfHMXiUOx8EVIEPSxiFwHJ7AKkYpMhj65LskCO1lKjB/hjV5WACdDSIHYT67SFCcHx7TYdZRGwaPKhZP4PJHH9DdVbglfXvCJbAAAAAElFTkSuQmCC'') !important;">&nbsp;</div>\n\n<div class="kl_layout_selector_label">Espa&ntilde;ol</div>\n</div>\n\n<div class="kl_layout_selector_option kl_layout_selector_option_middle" locale="fr" style="display: none;">\n<div class="kl_layout_selector_icon" style="background-image: url(''data:image/png;base64,iVBORw0KGgoAAAANSUhEUgAAABAAAAANCAYAAACgu+4kAAAC7mlDQ1BJQ0MgUHJvZmlsZQAAeAGFVM9rE0EU/jZuqdAiCFprDrJ4kCJJWatoRdQ2/RFiawzbH7ZFkGQzSdZuNuvuJrWliOTi0SreRe2hB/+AHnrwZC9KhVpFKN6rKGKhFy3xzW5MtqXqwM5+8943731vdt8ADXLSNPWABOQNx1KiEWlsfEJq/IgAjqIJQTQlVdvsTiQGQYNz+Xvn2HoPgVtWw3v7d7J3rZrStpoHhP1A4Eea2Sqw7xdxClkSAog836Epx3QI3+PY8uyPOU55eMG1Dys9xFkifEA1Lc5/TbhTzSXTQINIOJT1cVI+nNeLlNcdB2luZsbIEL1PkKa7zO6rYqGcTvYOkL2d9H5Os94+wiHCCxmtP0a4jZ71jNU/4mHhpObEhj0cGDX0+GAVtxqp+DXCFF8QTSeiVHHZLg3xmK79VvJKgnCQOMpkYYBzWkhP10xu+LqHBX0m1xOv4ndWUeF5jxNn3tTd70XaAq8wDh0MGgyaDUhQEEUEYZiwUECGPBoxNLJyPyOrBhuTezJ1JGq7dGJEsUF7Ntw9t1Gk3Tz+KCJxlEO1CJL8Qf4qr8lP5Xn5y1yw2Fb3lK2bmrry4DvF5Zm5Gh7X08jjc01efJXUdpNXR5aseXq8muwaP+xXlzHmgjWPxHOw+/EtX5XMlymMFMXjVfPqS4R1WjE3359sfzs94i7PLrXWc62JizdWm5dn/WpI++6qvJPmVflPXvXx/GfNxGPiKTEmdornIYmXxS7xkthLqwviYG3HCJ2VhinSbZH6JNVgYJq89S9dP1t4vUZ/DPVRlBnM0lSJ93/CKmQ0nbkOb/qP28f8F+T3iuefKAIvbODImbptU3HvEKFlpW5zrgIXv9F98LZua6N+OPwEWDyrFq1SNZ8gvAEcdod6HugpmNOWls05Uocsn5O66cpiUsxQ20NSUtcl12VLFrOZVWLpdtiZ0x1uHKE5QvfEp0plk/qv8RGw/bBS+fmsUtl+ThrWgZf6b8C8/UXAeIuJAAAACXBIWXMAAAsTAAALEwEAmpwYAAABPUlEQVQoFY1Sy07DMBAcp7QcAooQEhdOHJGKUMU38Flc+C5O+YBygF4B8Tr0kJI0JH7EMWsnTZoQHmut7VnvTiZrMwAT8r16peXfJikz3aEpmE2vlv2y+d11J7S4uOxgC6bzmyNL4Gtd4nx28i1hO+CfnVaQMcAYpLf3FvuWYKSURpJwrKJ1lTQw86fnJjo+PIBRyuKRJYCUEvEqRfzxaeGg6bglZ94ISgmX5wgE54iiFOk6s+oGTcVJE7cpgtseApUCnuP1YYlM5C44NInH9yasgxj5xHO4IqBCQ4pKGj9be2ZUgayspDoCJSQ87P5KYLbITaHBi8J9y+lQEO6YEc3G+0oYnWwGpEEm3S3UPYB0m3EF+7U1dmLd3v4qR0tA7dTI8NIpDMOwgxcYvGJJzwoB+TH5fqfib2AfxtsX0zCBpMQ+chEAAAAASUVORK5CYII='') !important;">&nbsp;</div>\n\n<div class="kl_layout_selector_label">Fran&ccedil;ais</div>\n</div>\n\n<div class="kl_layout_selector_option kl_layout_selector_option_middle" locale="it" style="display: none;">\n<div class="kl_layout_selector_icon" style="background-image: url(''data:image/png;base64,iVBORw0KGgoAAAANSUhEUgAAABAAAAAOCAYAAAAmL5yKAAAC7mlDQ1BJQ0MgUHJvZmlsZQAAeAGFVM9rE0EU/jZuqdAiCFprDrJ4kCJJWatoRdQ2/RFiawzbH7ZFkGQzSdZuNuvuJrWliOTi0SreRe2hB/+AHnrwZC9KhVpFKN6rKGKhFy3xzW5MtqXqwM5+8943731vdt8ADXLSNPWABOQNx1KiEWlsfEJq/IgAjqIJQTQlVdvsTiQGQYNz+Xvn2HoPgVtWw3v7d7J3rZrStpoHhP1A4Eea2Sqw7xdxClkSAog836Epx3QI3+PY8uyPOU55eMG1Dys9xFkifEA1Lc5/TbhTzSXTQINIOJT1cVI+nNeLlNcdB2luZsbIEL1PkKa7zO6rYqGcTvYOkL2d9H5Os94+wiHCCxmtP0a4jZ71jNU/4mHhpObEhj0cGDX0+GAVtxqp+DXCFF8QTSeiVHHZLg3xmK79VvJKgnCQOMpkYYBzWkhP10xu+LqHBX0m1xOv4ndWUeF5jxNn3tTd70XaAq8wDh0MGgyaDUhQEEUEYZiwUECGPBoxNLJyPyOrBhuTezJ1JGq7dGJEsUF7Ntw9t1Gk3Tz+KCJxlEO1CJL8Qf4qr8lP5Xn5y1yw2Fb3lK2bmrry4DvF5Zm5Gh7X08jjc01efJXUdpNXR5aseXq8muwaP+xXlzHmgjWPxHOw+/EtX5XMlymMFMXjVfPqS4R1WjE3359sfzs94i7PLrXWc62JizdWm5dn/WpI++6qvJPmVflPXvXx/GfNxGPiKTEmdornIYmXxS7xkthLqwviYG3HCJ2VhinSbZH6JNVgYJq89S9dP1t4vUZ/DPVRlBnM0lSJ93/CKmQ0nbkOb/qP28f8F+T3iuefKAIvbODImbptU3HvEKFlpW5zrgIXv9F98LZua6N+OPwEWDyrFq1SNZ8gvAEcdod6HugpmNOWls05Uocsn5O66cpiUsxQ20NSUtcl12VLFrOZVWLpdtiZ0x1uHKE5QvfEp0plk/qv8RGw/bBS+fmsUtl+ThrWgZf6b8C8/UXAeIuJAAAACXBIWXMAAAsTAAALEwEAmpwYAAABVElEQVQoFZVTS07DMBB9TtKwKKWCBRJix4IF6hXYIK7BBbgPF+Ae3VScAJYsqiJRIVhU5Gs7js3YifIjCLA0nnnjNy+jscMAhGT7tSf35yWJmQS0za/ub9+HZcubu15qfXndwxacPSyPrcBU6xKLk/NvhG5ib3HhoAcGDQP++GTx1Ar4hVaIRYpdHjnS2KY2mybtHx3CFMpi3wpAygJRniAm+2mVUdwcMd+HktzhSkBw7HiEVGbUnGmI3UB/tt0poghuZwg4AZELbM0bMpF1a3qxfNk22DuIkAWew7VADi8MYYxuSMNA686ZKpC5EdQdSC4QzAISGG/fiXUEWFGCm0rB9aFIAB3C8OsOMwbUZueUVbdQzUCJwg0vqC5ltN6bTNp8Se9AtEOUhhLJ80dLoGi1WvXwOh29Ykl9YU52SjbrVfwO7MN4tQI+mf2hrP/PKoksvwArhYzX7rtqFAAAAABJRU5ErkJggg=='') !important;">&nbsp;</div>\n\n<div class="kl_layout_selector_label">Italiano</div>\n</div>\n\n<div class="kl_layout_selector_option kl_layout_selector_option_middle" locale="pl" style="display: none;">\n<div class="kl_layout_selector_icon" style="background-image: url(''data:image/png;base64,iVBORw0KGgoAAAANSUhEUgAAABAAAAAOCAYAAAAmL5yKAAAC7mlDQ1BJQ0MgUHJvZmlsZQAAeAGFVM9rE0EU/jZuqdAiCFprDrJ4kCJJWatoRdQ2/RFiawzbH7ZFkGQzSdZuNuvuJrWliOTi0SreRe2hB/+AHnrwZC9KhVpFKN6rKGKhFy3xzW5MtqXqwM5+8943731vdt8ADXLSNPWABOQNx1KiEWlsfEJq/IgAjqIJQTQlVdvsTiQGQYNz+Xvn2HoPgVtWw3v7d7J3rZrStpoHhP1A4Eea2Sqw7xdxClkSAog836Epx3QI3+PY8uyPOU55eMG1Dys9xFkifEA1Lc5/TbhTzSXTQINIOJT1cVI+nNeLlNcdB2luZsbIEL1PkKa7zO6rYqGcTvYOkL2d9H5Os94+wiHCCxmtP0a4jZ71jNU/4mHhpObEhj0cGDX0+GAVtxqp+DXCFF8QTSeiVHHZLg3xmK79VvJKgnCQOMpkYYBzWkhP10xu+LqHBX0m1xOv4ndWUeF5jxNn3tTd70XaAq8wDh0MGgyaDUhQEEUEYZiwUECGPBoxNLJyPyOrBhuTezJ1JGq7dGJEsUF7Ntw9t1Gk3Tz+KCJxlEO1CJL8Qf4qr8lP5Xn5y1yw2Fb3lK2bmrry4DvF5Zm5Gh7X08jjc01efJXUdpNXR5aseXq8muwaP+xXlzHmgjWPxHOw+/EtX5XMlymMFMXjVfPqS4R1WjE3359sfzs94i7PLrXWc62JizdWm5dn/WpI++6qvJPmVflPXvXx/GfNxGPiKTEmdornIYmXxS7xkthLqwviYG3HCJ2VhinSbZH6JNVgYJq89S9dP1t4vUZ/DPVRlBnM0lSJ93/CKmQ0nbkOb/qP28f8F+T3iuefKAIvbODImbptU3HvEKFlpW5zrgIXv9F98LZua6N+OPwEWDyrFq1SNZ8gvAEcdod6HugpmNOWls05Uocsn5O66cpiUsxQ20NSUtcl12VLFrOZVWLpdtiZ0x1uHKE5QvfEp0plk/qv8RGw/bBS+fmsUtl+ThrWgZf6b8C8/UXAeIuJAAAACXBIWXMAAAsTAAALEwEAmpwYAAAA5ElEQVQoFZVTSw6CMBB95WNiwIAbNx7Apfc/g1uv4MaNJqJA+YwzRZJZgJQmQ2em7z2m09YA2LClv5kn72EZWUT8yYjo7k1TQGPMIeA4Ubm1biIC4VqWwocigLZtVc7PHTlOoK5rP5ZCjRxpIq6nM/ZNh/5ZKMi8G+QpHvGwcydQcgV5ZwBL8yy1Qvyzsh+27QSq0sIEIQi9gs27hntW2c4BnMDHNqBY2sFVeAzqCJ+mccihAg4oioGtCxcliHpUSoCLIVzK9yJxAmCl5oztyLabAPxLvXjxJgJyHvKg1t5I6aL9AtuETWwlOflvAAAAAElFTkSuQmCC'') !important;">&nbsp;</div>\n\n<div class="kl_layout_selector_label">Polski</div>\n</div>\n\n<div class="kl_layout_selector_option kl_layout_selector_option_middle" locale="pt" style="display: none;">\n<div class="kl_layout_selector_icon" style="background-image: url(''data:image/png;base64,iVBORw0KGgoAAAANSUhEUgAAABAAAAAOCAYAAAAmL5yKAAAC7mlDQ1BJQ0MgUHJvZmlsZQAAeAGFVM9rE0EU/jZuqdAiCFprDrJ4kCJJWatoRdQ2/RFiawzbH7ZFkGQzSdZuNuvuJrWliOTi0SreRe2hB/+AHnrwZC9KhVpFKN6rKGKhFy3xzW5MtqXqwM5+8943731vdt8ADXLSNPWABOQNx1KiEWlsfEJq/IgAjqIJQTQlVdvsTiQGQYNz+Xvn2HoPgVtWw3v7d7J3rZrStpoHhP1A4Eea2Sqw7xdxClkSAog836Epx3QI3+PY8uyPOU55eMG1Dys9xFkifEA1Lc5/TbhTzSXTQINIOJT1cVI+nNeLlNcdB2luZsbIEL1PkKa7zO6rYqGcTvYOkL2d9H5Os94+wiHCCxmtP0a4jZ71jNU/4mHhpObEhj0cGDX0+GAVtxqp+DXCFF8QTSeiVHHZLg3xmK79VvJKgnCQOMpkYYBzWkhP10xu+LqHBX0m1xOv4ndWUeF5jxNn3tTd70XaAq8wDh0MGgyaDUhQEEUEYZiwUECGPBoxNLJyPyOrBhuTezJ1JGq7dGJEsUF7Ntw9t1Gk3Tz+KCJxlEO1CJL8Qf4qr8lP5Xn5y1yw2Fb3lK2bmrry4DvF5Zm5Gh7X08jjc01efJXUdpNXR5aseXq8muwaP+xXlzHmgjWPxHOw+/EtX5XMlymMFMXjVfPqS4R1WjE3359sfzs94i7PLrXWc62JizdWm5dn/WpI++6qvJPmVflPXvXx/GfNxGPiKTEmdornIYmXxS7xkthLqwviYG3HCJ2VhinSbZH6JNVgYJq89S9dP1t4vUZ/DPVRlBnM0lSJ93/CKmQ0nbkOb/qP28f8F+T3iuefKAIvbODImbptU3HvEKFlpW5zrgIXv9F98LZua6N+OPwEWDyrFq1SNZ8gvAEcdod6HugpmNOWls05Uocsn5O66cpiUsxQ20NSUtcl12VLFrOZVWLpdtiZ0x1uHKE5QvfEp0plk/qv8RGw/bBS+fmsUtl+ThrWgZf6b8C8/UXAeIuJAAAACXBIWXMAAAsTAAALEwEAmpwYAAAB8ElEQVQoFZWSz2pTURDGf/fe5DYxiUmttDVSRFBwYVcFlwqCD9C1L+CjuFWfoOJCEFy4K27UhS5KN0IQkSLF1jZpQyTJ/X/uOc65N1WkXdiBOcMM33znmznHAXzx5ixK+G9LBTmtyNG+++LR4KQtdxw8Y9h49uWkdCoabahe6rCy+WbREjTyXLO6fKMAasfFNZr6qnuqsSw4GK3Idvds2rAEnsoVkyRiGE3QFc0Vd0p/YY/5bQcnB1Nxyt7Z6bYvgsps5lkCMpUyiqek6hf38j6twxg9GDO45TPfE9RIbv1HkCFL7QqgIIjjmKMg5H63x8PtKcFoHb3ikQw3GV8/pv3+AqYqaFP0yAg5iYxtrSBIo4RA7zOc+8an7x28B+tknQbXnjwn6O5Q+3EZLH6mwmnVCZek9ocgjlCVOv2sSdgac/vjKzK/iX9nl9qOoAq1s+slNVlOlCS2v+RMQ0EYxefjLr21iHd6g7mtx+ihova2JTDZZCHBytA4aSYE5Q4KUSqJC1CQ1nn5c43XNxeIfZfFpx3cA/vP7Cv8daMMUVoqKHagEiXf0eBXXXKnwkGyxPKHQ/K69J1hJtbEyqoql5iiNOHXo6KgRZMrSreioMjPOoyM4ely/1ZXW/yquB32PDYR8L4l8MTtoDaex+wM6W+StdCJDVH2GgAAAABJRU5ErkJggg=='') !important;">&nbsp;</div>\n\n<div class="kl_layout_selector_label">Portugu&ecirc;s</div>\n</div>\n\n<div class="kl_layout_selector_option kl_layout_selector_option_middle" locale="ru" style="display: none;">\n<div class="kl_layout_selector_icon" style="background-image: url(''data:image/png;base64,iVBORw0KGgoAAAANSUhEUgAAABAAAAANCAYAAACgu+4kAAAC7mlDQ1BJQ0MgUHJvZmlsZQAAeAGFVM9rE0EU/jZuqdAiCFprDrJ4kCJJWatoRdQ2/RFiawzbH7ZFkGQzSdZuNuvuJrWliOTi0SreRe2hB/+AHnrwZC9KhVpFKN6rKGKhFy3xzW5MtqXqwM5+8943731vdt8ADXLSNPWABOQNx1KiEWlsfEJq/IgAjqIJQTQlVdvsTiQGQYNz+Xvn2HoPgVtWw3v7d7J3rZrStpoHhP1A4Eea2Sqw7xdxClkSAog836Epx3QI3+PY8uyPOU55eMG1Dys9xFkifEA1Lc5/TbhTzSXTQINIOJT1cVI+nNeLlNcdB2luZsbIEL1PkKa7zO6rYqGcTvYOkL2d9H5Os94+wiHCCxmtP0a4jZ71jNU/4mHhpObEhj0cGDX0+GAVtxqp+DXCFF8QTSeiVHHZLg3xmK79VvJKgnCQOMpkYYBzWkhP10xu+LqHBX0m1xOv4ndWUeF5jxNn3tTd70XaAq8wDh0MGgyaDUhQEEUEYZiwUECGPBoxNLJyPyOrBhuTezJ1JGq7dGJEsUF7Ntw9t1Gk3Tz+KCJxlEO1CJL8Qf4qr8lP5Xn5y1yw2Fb3lK2bmrry4DvF5Zm5Gh7X08jjc01efJXUdpNXR5aseXq8muwaP+xXlzHmgjWPxHOw+/EtX5XMlymMFMXjVfPqS4R1WjE3359sfzs94i7PLrXWc62JizdWm5dn/WpI++6qvJPmVflPXvXx/GfNxGPiKTEmdornIYmXxS7xkthLqwviYG3HCJ2VhinSbZH6JNVgYJq89S9dP1t4vUZ/DPVRlBnM0lSJ93/CKmQ0nbkOb/qP28f8F+T3iuefKAIvbODImbptU3HvEKFlpW5zrgIXv9F98LZua6N+OPwEWDyrFq1SNZ8gvAEcdod6HugpmNOWls05Uocsn5O66cpiUsxQ20NSUtcl12VLFrOZVWLpdtiZ0x1uHKE5QvfEp0plk/qv8RGw/bBS+fmsUtl+ThrWgZf6b8C8/UXAeIuJAAAACXBIWXMAAAsTAAALEwEAmpwYAAAA+UlEQVQoFZVQW27CMBAcJyFQwkOAxA9/baWepTfoBTlDD9EroP5U7QcSIBSSEMfxdteAZAmkJCutvbOeGa9WAYg5R9ebr9ahmXmK+JgS0ba1zCMqpZYB48TrdS0TMQi7qjx+KAYwxni9duVNIzvA28ca88UM6akEeXrFtY9vT5NRH/vdwUFnUJYFfv4CZLkstjmOwxgRCke8GOQFKB7C2kf/3RsaQ6j1xUCmfPlMlpvnIIRNz/fsB51gPMC3rfGebV/dBLmuQD3Zp/g1B9WEvKoc0RmcGVDUA54cbHQgshCNhCh0zbv+KjLX6HhomXnKueIcdxSnzP/9B9NWUmzSO7dBAAAAAElFTkSuQmCC'') !important;">&nbsp;</div>\n\n<div class="kl_layout_selector_label">Русский</div>\n</div>\n\n<div class="kl_layout_selector_option_bottom">&nbsp;</div>\n</div>\n</div>\n\n<div class="kl_button kl_system kl_system_alt" focus="return false;" onselectstart="return false;"><canvas class="button_canvas" height="32" width="32">alt</canvas></div>\n\n<div class="kl_button kl_system kl_system_space" focus="return false;" onselectstart="return false;"><canvas class="button_canvas" height="32" width="32"> </canvas></div>\n\n<div class="kl_button kl_system kl_system_alt" focus="return false;" onselectstart="return false;"><canvas class="button_canvas" height="32" width="32">alt</canvas></div>\n\n<div class="kl_spacer">&nbsp;</div>\n</div>\n</div>\n</div>\n\n<div class="kl_keyboard ui-draggable" style="">\n<div class="kl_hook">\n<div class="kl_kb_close_button">&nbsp;</div>\n\n<div class="kl_kb_settings_button">Param&egrave;tres</div>\n</div>\n</div>', '', 0, 1, '2014-05-13 14:00:32', '2014-05-13 14:00:32'),
(38, 4, 5, 'test je suis Henri Lepic hi', '<p>je suis hihi ha coucou</p>', '', 0, 1, '2014-05-13 14:11:50', '2014-05-13 14:11:50');
INSERT INTO `forum` (`id`, `user_id`, `forum_category_id`, `title`, `text`, `keywords`, `is_solved`, `is_online`, `created_at`, `updated_at`) VALUES
(39, 4, 5, 'test je suis Henri Lepic hi', '<p>je suis hihi ha coucoudddddd</p>\n\n<div aria-disabled="false" class="kl_keyboard ui-draggable" style="">\n<div class="kl_hook">\n<div class="kl_kb_close_button">&nbsp;</div>\n\n<div class="kl_kb_settings_button">Param&egrave;tres</div>\n</div>\n\n<div class="kl_layout">\n<div class="kl_set" id="kl_current_set">\n<div class="kl_button kl_all" focus="return false;" onselectstart="return false;"><canvas class="button_canvas" height="32" width="32">&sect;</canvas></div>\n\n<div class="kl_button kl_all" focus="return false;" onselectstart="return false;"><canvas class="button_canvas" height="32" width="32">1</canvas></div>\n\n<div class="kl_button kl_all" focus="return false;" onselectstart="return false;"><canvas class="button_canvas" height="32" width="32">2</canvas></div>\n\n<div class="kl_button kl_all" focus="return false;" onselectstart="return false;"><canvas class="button_canvas" height="32" width="32">3</canvas></div>\n\n<div class="kl_button kl_all" focus="return false;" onselectstart="return false;"><canvas class="button_canvas" height="32" width="32">4</canvas></div>\n\n<div class="kl_button kl_all" focus="return false;" onselectstart="return false;"><canvas class="button_canvas" height="32" width="32">5</canvas></div>\n\n<div class="kl_button kl_all" focus="return false;" onselectstart="return false;"><canvas class="button_canvas" height="32" width="32">6</canvas></div>\n\n<div class="kl_button kl_all" focus="return false;" onselectstart="return false;"><canvas class="button_canvas" height="32" width="32">7</canvas></div>\n\n<div class="kl_button kl_all" focus="return false;" onselectstart="return false;"><canvas class="button_canvas" height="32" width="32">8</canvas></div>\n\n<div class="kl_button kl_all" focus="return false;" onselectstart="return false;"><canvas class="button_canvas" height="32" width="32">9</canvas></div>\n\n<div class="kl_button kl_all" focus="return false;" onselectstart="return false;"><canvas class="button_canvas" height="32" width="32">0</canvas></div>\n\n<div class="kl_button kl_all" focus="return false;" onselectstart="return false;"><canvas class="button_canvas" height="32" width="32">-</canvas></div>\n\n<div class="kl_button kl_all" focus="return false;" onselectstart="return false;"><canvas class="button_canvas" height="32" width="32">=</canvas></div>\n\n<div class="kl_button kl_system kl_system_backspace" focus="return false;" onselectstart="return false;"><canvas class="system_button_canvas" height="32" width="100">Backspace</canvas></div>\n\n<div class="kl_spacer">&nbsp;</div>\n\n<div class="kl_button kl_system" focus="return false;" onselectstart="return false;"><canvas class="system_button_canvas" height="32" width="32">Tab</canvas></div>\n\n<div class="kl_button kl_all" focus="return false;" onselectstart="return false;"><canvas class="button_canvas" height="32" width="32">q</canvas></div>\n\n<div class="kl_button kl_all" focus="return false;" onselectstart="return false;"><canvas class="button_canvas" height="32" width="32">w</canvas></div>\n\n<div class="kl_button kl_all" focus="return false;" onselectstart="return false;"><canvas class="button_canvas" height="32" width="32">e</canvas></div>\n\n<div class="kl_button kl_all" focus="return false;" onselectstart="return false;"><canvas class="button_canvas" height="32" width="32">r</canvas></div>\n\n<div class="kl_button kl_all" focus="return false;" onselectstart="return false;"><canvas class="button_canvas" height="32" width="32">t</canvas></div>\n\n<div class="kl_button kl_all" focus="return false;" onselectstart="return false;"><canvas class="button_canvas" height="32" width="32">y</canvas></div>\n\n<div class="kl_button kl_all" focus="return false;" onselectstart="return false;"><canvas class="button_canvas" height="32" width="32">u</canvas></div>\n\n<div class="kl_button kl_all" focus="return false;" onselectstart="return false;"><canvas class="button_canvas" height="32" width="32">i</canvas></div>\n\n<div class="kl_button kl_all" focus="return false;" onselectstart="return false;"><canvas class="button_canvas" height="32" width="32">o</canvas></div>\n\n<div class="kl_button kl_all" focus="return false;" onselectstart="return false;"><canvas class="button_canvas" height="32" width="32">p</canvas></div>\n\n<div class="kl_button kl_all" focus="return false;" onselectstart="return false;"><canvas class="button_canvas" height="32" width="32">[</canvas></div>\n\n<div class="kl_button kl_all" focus="return false;" onselectstart="return false;"><canvas class="button_canvas" height="32" width="32">]</canvas></div>\n\n<div class="kl_system kl_system_return" focus="return false;" onselectstart="return false;">\n<div class="kl_return_lower_shadow">&nbsp;</div>\n\n<div class="kl_return_upper"><canvas class="system_button_canvas" height="50" width="100">Return</canvas></div>\n\n<div class="kl_return_lower">&nbsp;</div>\n</div>\n\n<div class="kl_spacer">&nbsp;</div>\n\n<div class="kl_button kl_system kl_system_capslock" focus="return false;" onselectstart="return false;"><canvas class="system_button_canvas" height="32" width="32">capslock</canvas></div>\n\n<div class="kl_button kl_all" focus="return false;" onselectstart="return false;"><canvas class="button_canvas" height="32" width="32">a</canvas></div>\n\n<div class="kl_button kl_all" focus="return false;" onselectstart="return false;"><canvas class="button_canvas" height="32" width="32">s</canvas></div>\n\n<div class="kl_button kl_all" focus="return false;" onselectstart="return false;"><canvas class="button_canvas" height="32" width="32">d</canvas></div>\n\n<div class="kl_button kl_all" focus="return false;" onselectstart="return false;"><canvas class="button_canvas" height="32" width="32">f</canvas></div>\n\n<div class="kl_button kl_all" focus="return false;" onselectstart="return false;"><canvas class="button_canvas" height="32" width="32">g</canvas></div>\n\n<div class="kl_button kl_all" focus="return false;" onselectstart="return false;"><canvas class="button_canvas" height="32" width="32">h</canvas></div>\n\n<div class="kl_button kl_all" focus="return false;" onselectstart="return false;"><canvas class="button_canvas" height="32" width="32">j</canvas></div>\n\n<div class="kl_button kl_all" focus="return false;" onselectstart="return false;"><canvas class="button_canvas" height="32" width="32">k</canvas></div>\n\n<div class="kl_button kl_all" focus="return false;" onselectstart="return false;"><canvas class="button_canvas" height="32" width="32">l</canvas></div>\n\n<div class="kl_button kl_all" focus="return false;" onselectstart="return false;"><canvas class="button_canvas" height="32" width="32">;</canvas></div>\n\n<div class="kl_button kl_all" focus="return false;" onselectstart="return false;"><canvas class="button_canvas" height="32" width="32">&#39;</canvas></div>\n\n<div class="kl_button kl_all" focus="return false;" onselectstart="return false;"><canvas class="button_canvas" height="32" width="32">\\</canvas></div>\n\n<div class="kl_spacer">&nbsp;</div>\n\n<div class="kl_button kl_system kl_system_shift" focus="return false;" onselectstart="return false;"><canvas class="system_button_canvas" height="32" width="32">shift</canvas></div>\n\n<div class="kl_button kl_all" focus="return false;" onselectstart="return false;"><canvas class="button_canvas" height="32" width="32">`</canvas></div>\n\n<div class="kl_button kl_all" focus="return false;" onselectstart="return false;"><canvas class="button_canvas" height="32" width="32">z</canvas></div>\n\n<div class="kl_button kl_all" focus="return false;" onselectstart="return false;"><canvas class="button_canvas" height="32" width="32">x</canvas></div>\n\n<div class="kl_button kl_all" focus="return false;" onselectstart="return false;"><canvas class="button_canvas" height="32" width="32">c</canvas></div>\n\n<div class="kl_button kl_all" focus="return false;" onselectstart="return false;"><canvas class="button_canvas" height="32" width="32">v</canvas></div>\n\n<div class="kl_button kl_all" focus="return false;" onselectstart="return false;"><canvas class="button_canvas" height="32" width="32">b</canvas></div>\n\n<div class="kl_button kl_all" focus="return false;" onselectstart="return false;"><canvas class="button_canvas" height="32" width="32">n</canvas></div>\n\n<div class="kl_button kl_all" focus="return false;" onselectstart="return false;"><canvas class="button_canvas" height="32" width="32">m</canvas></div>\n\n<div class="kl_button kl_all" focus="return false;" onselectstart="return false;"><canvas class="button_canvas" height="32" width="32">,</canvas></div>\n\n<div class="kl_button kl_all" focus="return false;" onselectstart="return false;"><canvas class="button_canvas" height="32" width="32">.</canvas></div>\n\n<div class="kl_button kl_all" focus="return false;" onselectstart="return false;"><canvas class="button_canvas" height="32" width="32">/</canvas></div>\n\n<div class="kl_button kl_system kl_system_shift_right" focus="return false;" onselectstart="return false;"><canvas class="system_button_canvas" height="32" width="32">shift</canvas></div>\n\n<div class="kl_spacer">&nbsp;</div>\n\n<div class="kl_layout_selector kl_top_round_corners kl_bottom_round_corners">\n<div class="kl_layout_selector_icon_button" style="background-image: url(''data:image/png;base64,iVBORw0KGgoAAAANSUhEUgAAABAAAAAOCAYAAAAmL5yKAAAC7mlDQ1BJQ0MgUHJvZmlsZQAAeAGFVM9rE0EU/jZuqdAiCFprDrJ4kCJJWatoRdQ2/RFiawzbH7ZFkGQzSdZuNuvuJrWliOTi0SreRe2hB/+AHnrwZC9KhVpFKN6rKGKhFy3xzW5MtqXqwM5+8943731vdt8ADXLSNPWABOQNx1KiEWlsfEJq/IgAjqIJQTQlVdvsTiQGQYNz+Xvn2HoPgVtWw3v7d7J3rZrStpoHhP1A4Eea2Sqw7xdxClkSAog836Epx3QI3+PY8uyPOU55eMG1Dys9xFkifEA1Lc5/TbhTzSXTQINIOJT1cVI+nNeLlNcdB2luZsbIEL1PkKa7zO6rYqGcTvYOkL2d9H5Os94+wiHCCxmtP0a4jZ71jNU/4mHhpObEhj0cGDX0+GAVtxqp+DXCFF8QTSeiVHHZLg3xmK79VvJKgnCQOMpkYYBzWkhP10xu+LqHBX0m1xOv4ndWUeF5jxNn3tTd70XaAq8wDh0MGgyaDUhQEEUEYZiwUECGPBoxNLJyPyOrBhuTezJ1JGq7dGJEsUF7Ntw9t1Gk3Tz+KCJxlEO1CJL8Qf4qr8lP5Xn5y1yw2Fb3lK2bmrry4DvF5Zm5Gh7X08jjc01efJXUdpNXR5aseXq8muwaP+xXlzHmgjWPxHOw+/EtX5XMlymMFMXjVfPqS4R1WjE3359sfzs94i7PLrXWc62JizdWm5dn/WpI++6qvJPmVflPXvXx/GfNxGPiKTEmdornIYmXxS7xkthLqwviYG3HCJ2VhinSbZH6JNVgYJq89S9dP1t4vUZ/DPVRlBnM0lSJ93/CKmQ0nbkOb/qP28f8F+T3iuefKAIvbODImbptU3HvEKFlpW5zrgIXv9F98LZua6N+OPwEWDyrFq1SNZ8gvAEcdod6HugpmNOWls05Uocsn5O66cpiUsxQ20NSUtcl12VLFrOZVWLpdtiZ0x1uHKE5QvfEp0plk/qv8RGw/bBS+fmsUtl+ThrWgZf6b8C8/UXAeIuJAAAACXBIWXMAAAsTAAALEwEAmpwYAAACW0lEQVQoFZVTbUhTURh+7r5y7qsf+TFMsk1QGlZIBhHGnEmS/dCyEgnKKFpKEBIJJdEHUrEkIqIfRQsyCYp+7Mda0J/AEauEgjKtYa0p0iyabmvudnfXe84d1s98L+d9n/ue933Oc885VwCgo2HMRwr/bSJVJjXkLB+OnopV72rAtbAZD24HkFlII+jrxuTew0BWgu2RF672O/it0qGrSkZneRbaI4dgWl1WzAgMfZESXByNoKdlM2rXd+Hh/SBUeh0MNdVEIHNcV+9Aq1WEs0KHREMTuvt8TKqBEag/fZzGYOladMb8qHcUYdXxbZBFCZnPUUCSCGfRYfyGDSVmfNnowuA5P16PvGEEaoGcfW4iHNbp9chJWZZctMk9B4lAhu3x3cUcA4JGDTGdhqWqspIpwNj2DhiNZkjz80COZchyBNQqHidcOwEVrSUrk9rlZiRTCV7GCX4tZKCJfYWUSIJJUspkwnya3iXKCvxhc5LJiJSp4C+B9d4NrLRalVV5WnHja5yQqdkxNvJPlqAgYGpmBnBtAWkE6lwe1DTdROjHMhQ+8SPUe5k3yORzeT3jqQIUBvx43jOATa1e6rnKazhBqd2KQOAEGgO3MOR7h/2j7F7RZ3PRHGLH1gEMlzeixd0Mb0UUNrslX0Pher8TxZ4LOP10FsdeCIjPTildtNuAluNMIg737rM4+b4I63oPoH+FUsN2SZSGhuH5LuPS27jSSD746iWitXbksln8JDwn050gu3L+DCL72uBuawZCz0S26UxLGQ0TjaUYO8dpRsB0sh+KxaUYu3XiH2vAxzq/eTGQAAAAAElFTkSuQmCC'') !important;">&nbsp;</div>\n\n<div class="kl_layout_selector_label_button">English</div>\n\n<div class="kl_layout_list_container">\n<div class="kl_layout_selector_option_top">&nbsp;</div>\n\n<div class="kl_layout_selector_option kl_layout_selector_option_middle" locale="de" style="display: none;">\n<div class="kl_layout_selector_icon" style="background-image: url(''data:image/png;base64,iVBORw0KGgoAAAANSUhEUgAAABAAAAAOCAYAAAAmL5yKAAAC7mlDQ1BJQ0MgUHJvZmlsZQAAeAGFVM9rE0EU/jZuqdAiCFprDrJ4kCJJWatoRdQ2/RFiawzbH7ZFkGQzSdZuNuvuJrWliOTi0SreRe2hB/+AHnrwZC9KhVpFKN6rKGKhFy3xzW5MtqXqwM5+8943731vdt8ADXLSNPWABOQNx1KiEWlsfEJq/IgAjqIJQTQlVdvsTiQGQYNz+Xvn2HoPgVtWw3v7d7J3rZrStpoHhP1A4Eea2Sqw7xdxClkSAog836Epx3QI3+PY8uyPOU55eMG1Dys9xFkifEA1Lc5/TbhTzSXTQINIOJT1cVI+nNeLlNcdB2luZsbIEL1PkKa7zO6rYqGcTvYOkL2d9H5Os94+wiHCCxmtP0a4jZ71jNU/4mHhpObEhj0cGDX0+GAVtxqp+DXCFF8QTSeiVHHZLg3xmK79VvJKgnCQOMpkYYBzWkhP10xu+LqHBX0m1xOv4ndWUeF5jxNn3tTd70XaAq8wDh0MGgyaDUhQEEUEYZiwUECGPBoxNLJyPyOrBhuTezJ1JGq7dGJEsUF7Ntw9t1Gk3Tz+KCJxlEO1CJL8Qf4qr8lP5Xn5y1yw2Fb3lK2bmrry4DvF5Zm5Gh7X08jjc01efJXUdpNXR5aseXq8muwaP+xXlzHmgjWPxHOw+/EtX5XMlymMFMXjVfPqS4R1WjE3359sfzs94i7PLrXWc62JizdWm5dn/WpI++6qvJPmVflPXvXx/GfNxGPiKTEmdornIYmXxS7xkthLqwviYG3HCJ2VhinSbZH6JNVgYJq89S9dP1t4vUZ/DPVRlBnM0lSJ93/CKmQ0nbkOb/qP28f8F+T3iuefKAIvbODImbptU3HvEKFlpW5zrgIXv9F98LZua6N+OPwEWDyrFq1SNZ8gvAEcdod6HugpmNOWls05Uocsn5O66cpiUsxQ20NSUtcl12VLFrOZVWLpdtiZ0x1uHKE5QvfEp0plk/qv8RGw/bBS+fmsUtl+ThrWgZf6b8C8/UXAeIuJAAAACXBIWXMAAAsTAAALEwEAmpwYAAABG0lEQVQoFZVTu26EMBAc8CmKdHe5UCRNuvsBdPxFfjVlviFVCiTaFCkiRYquQXAP8/I5sw4IrgCRkdb2emfGayw8ADeMVTtzmo2KzOOCwyaKov1s2YAYx/GjGCyNMQjDcFAaX3qeB2stkiQR0lIMVF3XyPMcaZpeKYUoENEQQRBANIQSA5dkWQaJOfB9vzOAM3jJLrhbnGAOJdhf7yEnD/O2osoTcmp2zJ2BLkrcfnzBmGMvnlipnxW0u31noCvcGwuLy4SsL1l+dK3/uK6Dh9c9tlsS5ukB/4zmk/xnLsX3rDkMri57kyDXaUhyHRRFS79+rUmPTiMGVdMAb++T/LFiJWduGE+M9RhrZP/A/W8xUAz5oWT+DwzJ1S8JoWjm5fjFnAAAAABJRU5ErkJggg=='') !important;">&nbsp;</div>\n\n<div class="kl_layout_selector_label">Deutsch</div>\n</div>\n\n<div class="kl_layout_selector_option kl_layout_selector_option_middle" locale="es" style="display: none;">\n<div class="kl_layout_selector_icon" style="background-image: url(''data:image/png;base64,iVBORw0KGgoAAAANSUhEUgAAABAAAAAOCAYAAAAmL5yKAAAC7mlDQ1BJQ0MgUHJvZmlsZQAAeAGFVM9rE0EU/jZuqdAiCFprDrJ4kCJJWatoRdQ2/RFiawzbH7ZFkGQzSdZuNuvuJrWliOTi0SreRe2hB/+AHnrwZC9KhVpFKN6rKGKhFy3xzW5MtqXqwM5+8943731vdt8ADXLSNPWABOQNx1KiEWlsfEJq/IgAjqIJQTQlVdvsTiQGQYNz+Xvn2HoPgVtWw3v7d7J3rZrStpoHhP1A4Eea2Sqw7xdxClkSAog836Epx3QI3+PY8uyPOU55eMG1Dys9xFkifEA1Lc5/TbhTzSXTQINIOJT1cVI+nNeLlNcdB2luZsbIEL1PkKa7zO6rYqGcTvYOkL2d9H5Os94+wiHCCxmtP0a4jZ71jNU/4mHhpObEhj0cGDX0+GAVtxqp+DXCFF8QTSeiVHHZLg3xmK79VvJKgnCQOMpkYYBzWkhP10xu+LqHBX0m1xOv4ndWUeF5jxNn3tTd70XaAq8wDh0MGgyaDUhQEEUEYZiwUECGPBoxNLJyPyOrBhuTezJ1JGq7dGJEsUF7Ntw9t1Gk3Tz+KCJxlEO1CJL8Qf4qr8lP5Xn5y1yw2Fb3lK2bmrry4DvF5Zm5Gh7X08jjc01efJXUdpNXR5aseXq8muwaP+xXlzHmgjWPxHOw+/EtX5XMlymMFMXjVfPqS4R1WjE3359sfzs94i7PLrXWc62JizdWm5dn/WpI++6qvJPmVflPXvXx/GfNxGPiKTEmdornIYmXxS7xkthLqwviYG3HCJ2VhinSbZH6JNVgYJq89S9dP1t4vUZ/DPVRlBnM0lSJ93/CKmQ0nbkOb/qP28f8F+T3iuefKAIvbODImbptU3HvEKFlpW5zrgIXv9F98LZua6N+OPwEWDyrFq1SNZ8gvAEcdod6HugpmNOWls05Uocsn5O66cpiUsxQ20NSUtcl12VLFrOZVWLpdtiZ0x1uHKE5QvfEp0plk/qv8RGw/bBS+fmsUtl+ThrWgZf6b8C8/UXAeIuJAAAACXBIWXMAAAsTAAALEwEAmpwYAAABbklEQVQoFZVTTUsDMRB9cduKW0XbiuAnfuBJUUR/gl4Ff6c3L969CGIRob1URC9drP2Sdrfbprtd36QKdntofTAJmcx7mcwkCkCKNv8zc5oampFugsPi2+HZZ4QBFGamZkvgTuFxRQTSGISwT46nIysFRBH8p2eJT4uAFek+wlYbYb0xKsJAAyH9gZXLQjiEJQLYyhdgpZJUdtD1bbi1FJY2XCRUINvjUGsIdYGXB4xAj+Wwkw7cRgXVm020Sjn4lxq5ozLsOfJHEzCCPZMAhlXzO/QNKui/ZPF++4F68xxR7QqBI35aGLcKfI8+wpS9IwKyCJaR2e+jlL+Gd3/H9dA/lgEz+uWYK5gFT6kelLCaAS72HATbr3B3+UAkgzjoGxEonorOLCJ4aJpg34xfHMXiUOx8EVIEPSxiFwHJ7AKkYpMhj65LskCO1lKjB/hjV5WACdDSIHYT67SFCcHx7TYdZRGwaPKhZP4PJHH9DdVbglfXvCJbAAAAAElFTkSuQmCC'') !important;">&nbsp;</div>\n\n<div class="kl_layout_selector_label">Espa&ntilde;ol</div>\n</div>\n\n<div class="kl_layout_selector_option kl_layout_selector_option_middle" locale="fr" style="display: none;">\n<div class="kl_layout_selector_icon" style="background-image: url(''data:image/png;base64,iVBORw0KGgoAAAANSUhEUgAAABAAAAANCAYAAACgu+4kAAAC7mlDQ1BJQ0MgUHJvZmlsZQAAeAGFVM9rE0EU/jZuqdAiCFprDrJ4kCJJWatoRdQ2/RFiawzbH7ZFkGQzSdZuNuvuJrWliOTi0SreRe2hB/+AHnrwZC9KhVpFKN6rKGKhFy3xzW5MtqXqwM5+8943731vdt8ADXLSNPWABOQNx1KiEWlsfEJq/IgAjqIJQTQlVdvsTiQGQYNz+Xvn2HoPgVtWw3v7d7J3rZrStpoHhP1A4Eea2Sqw7xdxClkSAog836Epx3QI3+PY8uyPOU55eMG1Dys9xFkifEA1Lc5/TbhTzSXTQINIOJT1cVI+nNeLlNcdB2luZsbIEL1PkKa7zO6rYqGcTvYOkL2d9H5Os94+wiHCCxmtP0a4jZ71jNU/4mHhpObEhj0cGDX0+GAVtxqp+DXCFF8QTSeiVHHZLg3xmK79VvJKgnCQOMpkYYBzWkhP10xu+LqHBX0m1xOv4ndWUeF5jxNn3tTd70XaAq8wDh0MGgyaDUhQEEUEYZiwUECGPBoxNLJyPyOrBhuTezJ1JGq7dGJEsUF7Ntw9t1Gk3Tz+KCJxlEO1CJL8Qf4qr8lP5Xn5y1yw2Fb3lK2bmrry4DvF5Zm5Gh7X08jjc01efJXUdpNXR5aseXq8muwaP+xXlzHmgjWPxHOw+/EtX5XMlymMFMXjVfPqS4R1WjE3359sfzs94i7PLrXWc62JizdWm5dn/WpI++6qvJPmVflPXvXx/GfNxGPiKTEmdornIYmXxS7xkthLqwviYG3HCJ2VhinSbZH6JNVgYJq89S9dP1t4vUZ/DPVRlBnM0lSJ93/CKmQ0nbkOb/qP28f8F+T3iuefKAIvbODImbptU3HvEKFlpW5zrgIXv9F98LZua6N+OPwEWDyrFq1SNZ8gvAEcdod6HugpmNOWls05Uocsn5O66cpiUsxQ20NSUtcl12VLFrOZVWLpdtiZ0x1uHKE5QvfEp0plk/qv8RGw/bBS+fmsUtl+ThrWgZf6b8C8/UXAeIuJAAAACXBIWXMAAAsTAAALEwEAmpwYAAABPUlEQVQoFY1Sy07DMBAcp7QcAooQEhdOHJGKUMU38Flc+C5O+YBygF4B8Tr0kJI0JH7EMWsnTZoQHmut7VnvTiZrMwAT8r16peXfJikz3aEpmE2vlv2y+d11J7S4uOxgC6bzmyNL4Gtd4nx28i1hO+CfnVaQMcAYpLf3FvuWYKSURpJwrKJ1lTQw86fnJjo+PIBRyuKRJYCUEvEqRfzxaeGg6bglZ94ISgmX5wgE54iiFOk6s+oGTcVJE7cpgtseApUCnuP1YYlM5C44NInH9yasgxj5xHO4IqBCQ4pKGj9be2ZUgayspDoCJSQ87P5KYLbITaHBi8J9y+lQEO6YEc3G+0oYnWwGpEEm3S3UPYB0m3EF+7U1dmLd3v4qR0tA7dTI8NIpDMOwgxcYvGJJzwoB+TH5fqfib2AfxtsX0zCBpMQ+chEAAAAASUVORK5CYII='') !important;">&nbsp;</div>\n\n<div class="kl_layout_selector_label">Fran&ccedil;ais</div>\n</div>\n\n<div class="kl_layout_selector_option kl_layout_selector_option_middle" locale="it" style="display: none;">\n<div class="kl_layout_selector_icon" style="background-image: url(''data:image/png;base64,iVBORw0KGgoAAAANSUhEUgAAABAAAAAOCAYAAAAmL5yKAAAC7mlDQ1BJQ0MgUHJvZmlsZQAAeAGFVM9rE0EU/jZuqdAiCFprDrJ4kCJJWatoRdQ2/RFiawzbH7ZFkGQzSdZuNuvuJrWliOTi0SreRe2hB/+AHnrwZC9KhVpFKN6rKGKhFy3xzW5MtqXqwM5+8943731vdt8ADXLSNPWABOQNx1KiEWlsfEJq/IgAjqIJQTQlVdvsTiQGQYNz+Xvn2HoPgVtWw3v7d7J3rZrStpoHhP1A4Eea2Sqw7xdxClkSAog836Epx3QI3+PY8uyPOU55eMG1Dys9xFkifEA1Lc5/TbhTzSXTQINIOJT1cVI+nNeLlNcdB2luZsbIEL1PkKa7zO6rYqGcTvYOkL2d9H5Os94+wiHCCxmtP0a4jZ71jNU/4mHhpObEhj0cGDX0+GAVtxqp+DXCFF8QTSeiVHHZLg3xmK79VvJKgnCQOMpkYYBzWkhP10xu+LqHBX0m1xOv4ndWUeF5jxNn3tTd70XaAq8wDh0MGgyaDUhQEEUEYZiwUECGPBoxNLJyPyOrBhuTezJ1JGq7dGJEsUF7Ntw9t1Gk3Tz+KCJxlEO1CJL8Qf4qr8lP5Xn5y1yw2Fb3lK2bmrry4DvF5Zm5Gh7X08jjc01efJXUdpNXR5aseXq8muwaP+xXlzHmgjWPxHOw+/EtX5XMlymMFMXjVfPqS4R1WjE3359sfzs94i7PLrXWc62JizdWm5dn/WpI++6qvJPmVflPXvXx/GfNxGPiKTEmdornIYmXxS7xkthLqwviYG3HCJ2VhinSbZH6JNVgYJq89S9dP1t4vUZ/DPVRlBnM0lSJ93/CKmQ0nbkOb/qP28f8F+T3iuefKAIvbODImbptU3HvEKFlpW5zrgIXv9F98LZua6N+OPwEWDyrFq1SNZ8gvAEcdod6HugpmNOWls05Uocsn5O66cpiUsxQ20NSUtcl12VLFrOZVWLpdtiZ0x1uHKE5QvfEp0plk/qv8RGw/bBS+fmsUtl+ThrWgZf6b8C8/UXAeIuJAAAACXBIWXMAAAsTAAALEwEAmpwYAAABVElEQVQoFZVTS07DMBB9TtKwKKWCBRJix4IF6hXYIK7BBbgPF+Ae3VScAJYsqiJRIVhU5Gs7js3YifIjCLA0nnnjNy+jscMAhGT7tSf35yWJmQS0za/ub9+HZcubu15qfXndwxacPSyPrcBU6xKLk/NvhG5ib3HhoAcGDQP++GTx1Ar4hVaIRYpdHjnS2KY2mybtHx3CFMpi3wpAygJRniAm+2mVUdwcMd+HktzhSkBw7HiEVGbUnGmI3UB/tt0poghuZwg4AZELbM0bMpF1a3qxfNk22DuIkAWew7VADi8MYYxuSMNA686ZKpC5EdQdSC4QzAISGG/fiXUEWFGCm0rB9aFIAB3C8OsOMwbUZueUVbdQzUCJwg0vqC5ltN6bTNp8Se9AtEOUhhLJ80dLoGi1WvXwOh29Ykl9YU52SjbrVfwO7MN4tQI+mf2hrP/PKoksvwArhYzX7rtqFAAAAABJRU5ErkJggg=='') !important;">&nbsp;</div>\n\n<div class="kl_layout_selector_label">Italiano</div>\n</div>\n\n<div class="kl_layout_selector_option kl_layout_selector_option_middle" locale="pl" style="display: none;">\n<div class="kl_layout_selector_icon" style="background-image: url(''data:image/png;base64,iVBORw0KGgoAAAANSUhEUgAAABAAAAAOCAYAAAAmL5yKAAAC7mlDQ1BJQ0MgUHJvZmlsZQAAeAGFVM9rE0EU/jZuqdAiCFprDrJ4kCJJWatoRdQ2/RFiawzbH7ZFkGQzSdZuNuvuJrWliOTi0SreRe2hB/+AHnrwZC9KhVpFKN6rKGKhFy3xzW5MtqXqwM5+8943731vdt8ADXLSNPWABOQNx1KiEWlsfEJq/IgAjqIJQTQlVdvsTiQGQYNz+Xvn2HoPgVtWw3v7d7J3rZrStpoHhP1A4Eea2Sqw7xdxClkSAog836Epx3QI3+PY8uyPOU55eMG1Dys9xFkifEA1Lc5/TbhTzSXTQINIOJT1cVI+nNeLlNcdB2luZsbIEL1PkKa7zO6rYqGcTvYOkL2d9H5Os94+wiHCCxmtP0a4jZ71jNU/4mHhpObEhj0cGDX0+GAVtxqp+DXCFF8QTSeiVHHZLg3xmK79VvJKgnCQOMpkYYBzWkhP10xu+LqHBX0m1xOv4ndWUeF5jxNn3tTd70XaAq8wDh0MGgyaDUhQEEUEYZiwUECGPBoxNLJyPyOrBhuTezJ1JGq7dGJEsUF7Ntw9t1Gk3Tz+KCJxlEO1CJL8Qf4qr8lP5Xn5y1yw2Fb3lK2bmrry4DvF5Zm5Gh7X08jjc01efJXUdpNXR5aseXq8muwaP+xXlzHmgjWPxHOw+/EtX5XMlymMFMXjVfPqS4R1WjE3359sfzs94i7PLrXWc62JizdWm5dn/WpI++6qvJPmVflPXvXx/GfNxGPiKTEmdornIYmXxS7xkthLqwviYG3HCJ2VhinSbZH6JNVgYJq89S9dP1t4vUZ/DPVRlBnM0lSJ93/CKmQ0nbkOb/qP28f8F+T3iuefKAIvbODImbptU3HvEKFlpW5zrgIXv9F98LZua6N+OPwEWDyrFq1SNZ8gvAEcdod6HugpmNOWls05Uocsn5O66cpiUsxQ20NSUtcl12VLFrOZVWLpdtiZ0x1uHKE5QvfEp0plk/qv8RGw/bBS+fmsUtl+ThrWgZf6b8C8/UXAeIuJAAAACXBIWXMAAAsTAAALEwEAmpwYAAAA5ElEQVQoFZVTSw6CMBB95WNiwIAbNx7Apfc/g1uv4MaNJqJA+YwzRZJZgJQmQ2em7z2m09YA2LClv5kn72EZWUT8yYjo7k1TQGPMIeA4Ubm1biIC4VqWwocigLZtVc7PHTlOoK5rP5ZCjRxpIq6nM/ZNh/5ZKMi8G+QpHvGwcydQcgV5ZwBL8yy1Qvyzsh+27QSq0sIEIQi9gs27hntW2c4BnMDHNqBY2sFVeAzqCJ+mccihAg4oioGtCxcliHpUSoCLIVzK9yJxAmCl5oztyLabAPxLvXjxJgJyHvKg1t5I6aL9AtuETWwlOflvAAAAAElFTkSuQmCC'') !important;">&nbsp;</div>\n\n<div class="kl_layout_selector_label">Polski</div>\n</div>\n\n<div class="kl_layout_selector_option kl_layout_selector_option_middle" locale="pt" style="display: none;">\n<div class="kl_layout_selector_icon" style="background-image: url(''data:image/png;base64,iVBORw0KGgoAAAANSUhEUgAAABAAAAAOCAYAAAAmL5yKAAAC7mlDQ1BJQ0MgUHJvZmlsZQAAeAGFVM9rE0EU/jZuqdAiCFprDrJ4kCJJWatoRdQ2/RFiawzbH7ZFkGQzSdZuNuvuJrWliOTi0SreRe2hB/+AHnrwZC9KhVpFKN6rKGKhFy3xzW5MtqXqwM5+8943731vdt8ADXLSNPWABOQNx1KiEWlsfEJq/IgAjqIJQTQlVdvsTiQGQYNz+Xvn2HoPgVtWw3v7d7J3rZrStpoHhP1A4Eea2Sqw7xdxClkSAog836Epx3QI3+PY8uyPOU55eMG1Dys9xFkifEA1Lc5/TbhTzSXTQINIOJT1cVI+nNeLlNcdB2luZsbIEL1PkKa7zO6rYqGcTvYOkL2d9H5Os94+wiHCCxmtP0a4jZ71jNU/4mHhpObEhj0cGDX0+GAVtxqp+DXCFF8QTSeiVHHZLg3xmK79VvJKgnCQOMpkYYBzWkhP10xu+LqHBX0m1xOv4ndWUeF5jxNn3tTd70XaAq8wDh0MGgyaDUhQEEUEYZiwUECGPBoxNLJyPyOrBhuTezJ1JGq7dGJEsUF7Ntw9t1Gk3Tz+KCJxlEO1CJL8Qf4qr8lP5Xn5y1yw2Fb3lK2bmrry4DvF5Zm5Gh7X08jjc01efJXUdpNXR5aseXq8muwaP+xXlzHmgjWPxHOw+/EtX5XMlymMFMXjVfPqS4R1WjE3359sfzs94i7PLrXWc62JizdWm5dn/WpI++6qvJPmVflPXvXx/GfNxGPiKTEmdornIYmXxS7xkthLqwviYG3HCJ2VhinSbZH6JNVgYJq89S9dP1t4vUZ/DPVRlBnM0lSJ93/CKmQ0nbkOb/qP28f8F+T3iuefKAIvbODImbptU3HvEKFlpW5zrgIXv9F98LZua6N+OPwEWDyrFq1SNZ8gvAEcdod6HugpmNOWls05Uocsn5O66cpiUsxQ20NSUtcl12VLFrOZVWLpdtiZ0x1uHKE5QvfEp0plk/qv8RGw/bBS+fmsUtl+ThrWgZf6b8C8/UXAeIuJAAAACXBIWXMAAAsTAAALEwEAmpwYAAAB8ElEQVQoFZWSz2pTURDGf/fe5DYxiUmttDVSRFBwYVcFlwqCD9C1L+CjuFWfoOJCEFy4K27UhS5KN0IQkSLF1jZpQyTJ/X/uOc65N1WkXdiBOcMM33znmznHAXzx5ixK+G9LBTmtyNG+++LR4KQtdxw8Y9h49uWkdCoabahe6rCy+WbREjTyXLO6fKMAasfFNZr6qnuqsSw4GK3Idvds2rAEnsoVkyRiGE3QFc0Vd0p/YY/5bQcnB1Nxyt7Z6bYvgsps5lkCMpUyiqek6hf38j6twxg9GDO45TPfE9RIbv1HkCFL7QqgIIjjmKMg5H63x8PtKcFoHb3ikQw3GV8/pv3+AqYqaFP0yAg5iYxtrSBIo4RA7zOc+8an7x28B+tknQbXnjwn6O5Q+3EZLH6mwmnVCZek9ocgjlCVOv2sSdgac/vjKzK/iX9nl9qOoAq1s+slNVlOlCS2v+RMQ0EYxefjLr21iHd6g7mtx+ihova2JTDZZCHBytA4aSYE5Q4KUSqJC1CQ1nn5c43XNxeIfZfFpx3cA/vP7Cv8daMMUVoqKHagEiXf0eBXXXKnwkGyxPKHQ/K69J1hJtbEyqoql5iiNOHXo6KgRZMrSreioMjPOoyM4ely/1ZXW/yquB32PDYR8L4l8MTtoDaex+wM6W+StdCJDVH2GgAAAABJRU5ErkJggg=='') !important;">&nbsp;</div>\n\n<div class="kl_layout_selector_label">Portugu&ecirc;s</div>\n</div>\n\n<div class="kl_layout_selector_option kl_layout_selector_option_middle" locale="ru" style="display: none;">\n<div class="kl_layout_selector_icon" style="background-image: url(''data:image/png;base64,iVBORw0KGgoAAAANSUhEUgAAABAAAAANCAYAAACgu+4kAAAC7mlDQ1BJQ0MgUHJvZmlsZQAAeAGFVM9rE0EU/jZuqdAiCFprDrJ4kCJJWatoRdQ2/RFiawzbH7ZFkGQzSdZuNuvuJrWliOTi0SreRe2hB/+AHnrwZC9KhVpFKN6rKGKhFy3xzW5MtqXqwM5+8943731vdt8ADXLSNPWABOQNx1KiEWlsfEJq/IgAjqIJQTQlVdvsTiQGQYNz+Xvn2HoPgVtWw3v7d7J3rZrStpoHhP1A4Eea2Sqw7xdxClkSAog836Epx3QI3+PY8uyPOU55eMG1Dys9xFkifEA1Lc5/TbhTzSXTQINIOJT1cVI+nNeLlNcdB2luZsbIEL1PkKa7zO6rYqGcTvYOkL2d9H5Os94+wiHCCxmtP0a4jZ71jNU/4mHhpObEhj0cGDX0+GAVtxqp+DXCFF8QTSeiVHHZLg3xmK79VvJKgnCQOMpkYYBzWkhP10xu+LqHBX0m1xOv4ndWUeF5jxNn3tTd70XaAq8wDh0MGgyaDUhQEEUEYZiwUECGPBoxNLJyPyOrBhuTezJ1JGq7dGJEsUF7Ntw9t1Gk3Tz+KCJxlEO1CJL8Qf4qr8lP5Xn5y1yw2Fb3lK2bmrry4DvF5Zm5Gh7X08jjc01efJXUdpNXR5aseXq8muwaP+xXlzHmgjWPxHOw+/EtX5XMlymMFMXjVfPqS4R1WjE3359sfzs94i7PLrXWc62JizdWm5dn/WpI++6qvJPmVflPXvXx/GfNxGPiKTEmdornIYmXxS7xkthLqwviYG3HCJ2VhinSbZH6JNVgYJq89S9dP1t4vUZ/DPVRlBnM0lSJ93/CKmQ0nbkOb/qP28f8F+T3iuefKAIvbODImbptU3HvEKFlpW5zrgIXv9F98LZua6N+OPwEWDyrFq1SNZ8gvAEcdod6HugpmNOWls05Uocsn5O66cpiUsxQ20NSUtcl12VLFrOZVWLpdtiZ0x1uHKE5QvfEp0plk/qv8RGw/bBS+fmsUtl+ThrWgZf6b8C8/UXAeIuJAAAACXBIWXMAAAsTAAALEwEAmpwYAAAA+UlEQVQoFZVQW27CMBAcJyFQwkOAxA9/baWepTfoBTlDD9EroP5U7QcSIBSSEMfxdteAZAmkJCutvbOeGa9WAYg5R9ebr9ahmXmK+JgS0ba1zCMqpZYB48TrdS0TMQi7qjx+KAYwxni9duVNIzvA28ca88UM6akEeXrFtY9vT5NRH/vdwUFnUJYFfv4CZLkstjmOwxgRCke8GOQFKB7C2kf/3RsaQ6j1xUCmfPlMlpvnIIRNz/fsB51gPMC3rfGebV/dBLmuQD3Zp/g1B9WEvKoc0RmcGVDUA54cbHQgshCNhCh0zbv+KjLX6HhomXnKueIcdxSnzP/9B9NWUmzSO7dBAAAAAElFTkSuQmCC'') !important;">&nbsp;</div>\n\n<div class="kl_layout_selector_label">Русский</div>\n</div>\n\n<div class="kl_layout_selector_option_bottom">&nbsp;</div>\n</div>\n</div>\n\n<div class="kl_button kl_system kl_system_alt" focus="return false;" onselectstart="return false;"><canvas class="button_canvas" height="32" width="32">alt</canvas></div>\n\n<div class="kl_button kl_system kl_system_space" focus="return false;" onselectstart="return false;"><canvas class="button_canvas" height="32" width="32"> </canvas></div>\n\n<div class="kl_button kl_system kl_system_alt" focus="return false;" onselectstart="return false;"><canvas class="button_canvas" height="32" width="32">alt</canvas></div>\n\n<div class="kl_spacer">&nbsp;</div>\n</div>\n</div>\n</div>\n\n<div class="kl_keyboard ui-draggable" style="">\n<div class="kl_hook">\n<div class="kl_kb_close_button">&nbsp;</div>\n\n<div class="kl_kb_settings_button">Param&egrave;tres</div>\n</div>\n</div>', '', 0, 1, '2014-05-13 14:12:04', '2014-05-13 14:12:04'),
(40, 4, 5, 'test je suis Henri Lepic hi', '<p>je suis hihi ha coucouddddddqsdfqsdfqsdfqsdf</p>\n\n<p><br />\n&nbsp;</p>', '', 0, 1, '2014-05-13 14:14:01', '2014-05-13 14:14:01');
INSERT INTO `forum` (`id`, `user_id`, `forum_category_id`, `title`, `text`, `keywords`, `is_solved`, `is_online`, `created_at`, `updated_at`) VALUES
(41, 4, 5, 'test je suis Henri Lepic hi', '<p>haaaaa</p>\n\n<p><br />\n&nbsp;</p>\n\n<div aria-disabled="false" class="kl_keyboard ui-draggable" style="">\n<div class="kl_hook">\n<div class="kl_kb_close_button">&nbsp;</div>\n\n<div class="kl_kb_settings_button">Param&egrave;tres</div>\n</div>\n\n<div class="kl_layout">\n<div class="kl_set" id="kl_current_set">\n<div class="kl_button kl_all" focus="return false;" onselectstart="return false;"><canvas class="button_canvas" height="32" width="32">&sect;</canvas></div>\n\n<div class="kl_button kl_all" focus="return false;" onselectstart="return false;"><canvas class="button_canvas" height="32" width="32">1</canvas></div>\n\n<div class="kl_button kl_all" focus="return false;" onselectstart="return false;"><canvas class="button_canvas" height="32" width="32">2</canvas></div>\n\n<div class="kl_button kl_all" focus="return false;" onselectstart="return false;"><canvas class="button_canvas" height="32" width="32">3</canvas></div>\n\n<div class="kl_button kl_all" focus="return false;" onselectstart="return false;"><canvas class="button_canvas" height="32" width="32">4</canvas></div>\n\n<div class="kl_button kl_all" focus="return false;" onselectstart="return false;"><canvas class="button_canvas" height="32" width="32">5</canvas></div>\n\n<div class="kl_button kl_all" focus="return false;" onselectstart="return false;"><canvas class="button_canvas" height="32" width="32">6</canvas></div>\n\n<div class="kl_button kl_all" focus="return false;" onselectstart="return false;"><canvas class="button_canvas" height="32" width="32">7</canvas></div>\n\n<div class="kl_button kl_all" focus="return false;" onselectstart="return false;"><canvas class="button_canvas" height="32" width="32">8</canvas></div>\n\n<div class="kl_button kl_all" focus="return false;" onselectstart="return false;"><canvas class="button_canvas" height="32" width="32">9</canvas></div>\n\n<div class="kl_button kl_all" focus="return false;" onselectstart="return false;"><canvas class="button_canvas" height="32" width="32">0</canvas></div>\n\n<div class="kl_button kl_all" focus="return false;" onselectstart="return false;"><canvas class="button_canvas" height="32" width="32">-</canvas></div>\n\n<div class="kl_button kl_all" focus="return false;" onselectstart="return false;"><canvas class="button_canvas" height="32" width="32">=</canvas></div>\n\n<div class="kl_button kl_system kl_system_backspace" focus="return false;" onselectstart="return false;"><canvas class="system_button_canvas" height="32" width="100">Backspace</canvas></div>\n\n<div class="kl_spacer">&nbsp;</div>\n\n<div class="kl_button kl_system" focus="return false;" onselectstart="return false;"><canvas class="system_button_canvas" height="32" width="32">Tab</canvas></div>\n\n<div class="kl_button kl_all" focus="return false;" onselectstart="return false;"><canvas class="button_canvas" height="32" width="32">q</canvas></div>\n\n<div class="kl_button kl_all" focus="return false;" onselectstart="return false;"><canvas class="button_canvas" height="32" width="32">w</canvas></div>\n\n<div class="kl_button kl_all" focus="return false;" onselectstart="return false;"><canvas class="button_canvas" height="32" width="32">e</canvas></div>\n\n<div class="kl_button kl_all" focus="return false;" onselectstart="return false;"><canvas class="button_canvas" height="32" width="32">r</canvas></div>\n\n<div class="kl_button kl_all" focus="return false;" onselectstart="return false;"><canvas class="button_canvas" height="32" width="32">t</canvas></div>\n\n<div class="kl_button kl_all" focus="return false;" onselectstart="return false;"><canvas class="button_canvas" height="32" width="32">y</canvas></div>\n\n<div class="kl_button kl_all" focus="return false;" onselectstart="return false;"><canvas class="button_canvas" height="32" width="32">u</canvas></div>\n\n<div class="kl_button kl_all" focus="return false;" onselectstart="return false;"><canvas class="button_canvas" height="32" width="32">i</canvas></div>\n\n<div class="kl_button kl_all" focus="return false;" onselectstart="return false;"><canvas class="button_canvas" height="32" width="32">o</canvas></div>\n\n<div class="kl_button kl_all" focus="return false;" onselectstart="return false;"><canvas class="button_canvas" height="32" width="32">p</canvas></div>\n\n<div class="kl_button kl_all" focus="return false;" onselectstart="return false;"><canvas class="button_canvas" height="32" width="32">[</canvas></div>\n\n<div class="kl_button kl_all" focus="return false;" onselectstart="return false;"><canvas class="button_canvas" height="32" width="32">]</canvas></div>\n\n<div class="kl_system kl_system_return" focus="return false;" onselectstart="return false;">\n<div class="kl_return_lower_shadow">&nbsp;</div>\n\n<div class="kl_return_upper"><canvas class="system_button_canvas" height="50" width="100">Return</canvas></div>\n\n<div class="kl_return_lower">&nbsp;</div>\n</div>\n\n<div class="kl_spacer">&nbsp;</div>\n\n<div class="kl_button kl_system kl_system_capslock" focus="return false;" onselectstart="return false;"><canvas class="system_button_canvas" height="32" width="32">capslock</canvas></div>\n\n<div class="kl_button kl_all" focus="return false;" onselectstart="return false;"><canvas class="button_canvas" height="32" width="32">a</canvas></div>\n\n<div class="kl_button kl_all" focus="return false;" onselectstart="return false;"><canvas class="button_canvas" height="32" width="32">s</canvas></div>\n\n<div class="kl_button kl_all" focus="return false;" onselectstart="return false;"><canvas class="button_canvas" height="32" width="32">d</canvas></div>\n\n<div class="kl_button kl_all" focus="return false;" onselectstart="return false;"><canvas class="button_canvas" height="32" width="32">f</canvas></div>\n\n<div class="kl_button kl_all" focus="return false;" onselectstart="return false;"><canvas class="button_canvas" height="32" width="32">g</canvas></div>\n\n<div class="kl_button kl_all" focus="return false;" onselectstart="return false;"><canvas class="button_canvas" height="32" width="32">h</canvas></div>\n\n<div class="kl_button kl_all" focus="return false;" onselectstart="return false;"><canvas class="button_canvas" height="32" width="32">j</canvas></div>\n\n<div class="kl_button kl_all" focus="return false;" onselectstart="return false;"><canvas class="button_canvas" height="32" width="32">k</canvas></div>\n\n<div class="kl_button kl_all" focus="return false;" onselectstart="return false;"><canvas class="button_canvas" height="32" width="32">l</canvas></div>\n\n<div class="kl_button kl_all" focus="return false;" onselectstart="return false;"><canvas class="button_canvas" height="32" width="32">;</canvas></div>\n\n<div class="kl_button kl_all" focus="return false;" onselectstart="return false;"><canvas class="button_canvas" height="32" width="32">&#39;</canvas></div>\n\n<div class="kl_button kl_all" focus="return false;" onselectstart="return false;"><canvas class="button_canvas" height="32" width="32">\\</canvas></div>\n\n<div class="kl_spacer">&nbsp;</div>\n\n<div class="kl_button kl_system kl_system_shift" focus="return false;" onselectstart="return false;"><canvas class="system_button_canvas" height="32" width="32">shift</canvas></div>\n\n<div class="kl_button kl_all" focus="return false;" onselectstart="return false;"><canvas class="button_canvas" height="32" width="32">`</canvas></div>\n\n<div class="kl_button kl_all" focus="return false;" onselectstart="return false;"><canvas class="button_canvas" height="32" width="32">z</canvas></div>\n\n<div class="kl_button kl_all" focus="return false;" onselectstart="return false;"><canvas class="button_canvas" height="32" width="32">x</canvas></div>\n\n<div class="kl_button kl_all" focus="return false;" onselectstart="return false;"><canvas class="button_canvas" height="32" width="32">c</canvas></div>\n\n<div class="kl_button kl_all" focus="return false;" onselectstart="return false;"><canvas class="button_canvas" height="32" width="32">v</canvas></div>\n\n<div class="kl_button kl_all" focus="return false;" onselectstart="return false;"><canvas class="button_canvas" height="32" width="32">b</canvas></div>\n\n<div class="kl_button kl_all" focus="return false;" onselectstart="return false;"><canvas class="button_canvas" height="32" width="32">n</canvas></div>\n\n<div class="kl_button kl_all" focus="return false;" onselectstart="return false;"><canvas class="button_canvas" height="32" width="32">m</canvas></div>\n\n<div class="kl_button kl_all" focus="return false;" onselectstart="return false;"><canvas class="button_canvas" height="32" width="32">,</canvas></div>\n\n<div class="kl_button kl_all" focus="return false;" onselectstart="return false;"><canvas class="button_canvas" height="32" width="32">.</canvas></div>\n\n<div class="kl_button kl_all" focus="return false;" onselectstart="return false;"><canvas class="button_canvas" height="32" width="32">/</canvas></div>\n\n<div class="kl_button kl_system kl_system_shift_right" focus="return false;" onselectstart="return false;"><canvas class="system_button_canvas" height="32" width="32">shift</canvas></div>\n\n<div class="kl_spacer">&nbsp;</div>\n\n<div class="kl_layout_selector kl_top_round_corners kl_bottom_round_corners">\n<div class="kl_layout_selector_icon_button" style="background-image: url(''data:image/png;base64,iVBORw0KGgoAAAANSUhEUgAAABAAAAAOCAYAAAAmL5yKAAAC7mlDQ1BJQ0MgUHJvZmlsZQAAeAGFVM9rE0EU/jZuqdAiCFprDrJ4kCJJWatoRdQ2/RFiawzbH7ZFkGQzSdZuNuvuJrWliOTi0SreRe2hB/+AHnrwZC9KhVpFKN6rKGKhFy3xzW5MtqXqwM5+8943731vdt8ADXLSNPWABOQNx1KiEWlsfEJq/IgAjqIJQTQlVdvsTiQGQYNz+Xvn2HoPgVtWw3v7d7J3rZrStpoHhP1A4Eea2Sqw7xdxClkSAog836Epx3QI3+PY8uyPOU55eMG1Dys9xFkifEA1Lc5/TbhTzSXTQINIOJT1cVI+nNeLlNcdB2luZsbIEL1PkKa7zO6rYqGcTvYOkL2d9H5Os94+wiHCCxmtP0a4jZ71jNU/4mHhpObEhj0cGDX0+GAVtxqp+DXCFF8QTSeiVHHZLg3xmK79VvJKgnCQOMpkYYBzWkhP10xu+LqHBX0m1xOv4ndWUeF5jxNn3tTd70XaAq8wDh0MGgyaDUhQEEUEYZiwUECGPBoxNLJyPyOrBhuTezJ1JGq7dGJEsUF7Ntw9t1Gk3Tz+KCJxlEO1CJL8Qf4qr8lP5Xn5y1yw2Fb3lK2bmrry4DvF5Zm5Gh7X08jjc01efJXUdpNXR5aseXq8muwaP+xXlzHmgjWPxHOw+/EtX5XMlymMFMXjVfPqS4R1WjE3359sfzs94i7PLrXWc62JizdWm5dn/WpI++6qvJPmVflPXvXx/GfNxGPiKTEmdornIYmXxS7xkthLqwviYG3HCJ2VhinSbZH6JNVgYJq89S9dP1t4vUZ/DPVRlBnM0lSJ93/CKmQ0nbkOb/qP28f8F+T3iuefKAIvbODImbptU3HvEKFlpW5zrgIXv9F98LZua6N+OPwEWDyrFq1SNZ8gvAEcdod6HugpmNOWls05Uocsn5O66cpiUsxQ20NSUtcl12VLFrOZVWLpdtiZ0x1uHKE5QvfEp0plk/qv8RGw/bBS+fmsUtl+ThrWgZf6b8C8/UXAeIuJAAAACXBIWXMAAAsTAAALEwEAmpwYAAACW0lEQVQoFZVTbUhTURh+7r5y7qsf+TFMsk1QGlZIBhHGnEmS/dCyEgnKKFpKEBIJJdEHUrEkIqIfRQsyCYp+7Mda0J/AEauEgjKtYa0p0iyabmvudnfXe84d1s98L+d9n/ue933Oc885VwCgo2HMRwr/bSJVJjXkLB+OnopV72rAtbAZD24HkFlII+jrxuTew0BWgu2RF672O/it0qGrSkZneRbaI4dgWl1WzAgMfZESXByNoKdlM2rXd+Hh/SBUeh0MNdVEIHNcV+9Aq1WEs0KHREMTuvt8TKqBEag/fZzGYOladMb8qHcUYdXxbZBFCZnPUUCSCGfRYfyGDSVmfNnowuA5P16PvGEEaoGcfW4iHNbp9chJWZZctMk9B4lAhu3x3cUcA4JGDTGdhqWqspIpwNj2DhiNZkjz80COZchyBNQqHidcOwEVrSUrk9rlZiRTCV7GCX4tZKCJfYWUSIJJUspkwnya3iXKCvxhc5LJiJSp4C+B9d4NrLRalVV5WnHja5yQqdkxNvJPlqAgYGpmBnBtAWkE6lwe1DTdROjHMhQ+8SPUe5k3yORzeT3jqQIUBvx43jOATa1e6rnKazhBqd2KQOAEGgO3MOR7h/2j7F7RZ3PRHGLH1gEMlzeixd0Mb0UUNrslX0Pher8TxZ4LOP10FsdeCIjPTildtNuAluNMIg737rM4+b4I63oPoH+FUsN2SZSGhuH5LuPS27jSSD746iWitXbksln8JDwn050gu3L+DCL72uBuawZCz0S26UxLGQ0TjaUYO8dpRsB0sh+KxaUYu3XiH2vAxzq/eTGQAAAAAElFTkSuQmCC'') !important;">&nbsp;</div>\n\n<div class="kl_layout_selector_label_button">English</div>\n\n<div class="kl_layout_list_container">\n<div class="kl_layout_selector_option_top">&nbsp;</div>\n\n<div class="kl_layout_selector_option kl_layout_selector_option_middle" locale="de" style="display: none;">\n<div class="kl_layout_selector_icon" style="background-image: url(''data:image/png;base64,iVBORw0KGgoAAAANSUhEUgAAABAAAAAOCAYAAAAmL5yKAAAC7mlDQ1BJQ0MgUHJvZmlsZQAAeAGFVM9rE0EU/jZuqdAiCFprDrJ4kCJJWatoRdQ2/RFiawzbH7ZFkGQzSdZuNuvuJrWliOTi0SreRe2hB/+AHnrwZC9KhVpFKN6rKGKhFy3xzW5MtqXqwM5+8943731vdt8ADXLSNPWABOQNx1KiEWlsfEJq/IgAjqIJQTQlVdvsTiQGQYNz+Xvn2HoPgVtWw3v7d7J3rZrStpoHhP1A4Eea2Sqw7xdxClkSAog836Epx3QI3+PY8uyPOU55eMG1Dys9xFkifEA1Lc5/TbhTzSXTQINIOJT1cVI+nNeLlNcdB2luZsbIEL1PkKa7zO6rYqGcTvYOkL2d9H5Os94+wiHCCxmtP0a4jZ71jNU/4mHhpObEhj0cGDX0+GAVtxqp+DXCFF8QTSeiVHHZLg3xmK79VvJKgnCQOMpkYYBzWkhP10xu+LqHBX0m1xOv4ndWUeF5jxNn3tTd70XaAq8wDh0MGgyaDUhQEEUEYZiwUECGPBoxNLJyPyOrBhuTezJ1JGq7dGJEsUF7Ntw9t1Gk3Tz+KCJxlEO1CJL8Qf4qr8lP5Xn5y1yw2Fb3lK2bmrry4DvF5Zm5Gh7X08jjc01efJXUdpNXR5aseXq8muwaP+xXlzHmgjWPxHOw+/EtX5XMlymMFMXjVfPqS4R1WjE3359sfzs94i7PLrXWc62JizdWm5dn/WpI++6qvJPmVflPXvXx/GfNxGPiKTEmdornIYmXxS7xkthLqwviYG3HCJ2VhinSbZH6JNVgYJq89S9dP1t4vUZ/DPVRlBnM0lSJ93/CKmQ0nbkOb/qP28f8F+T3iuefKAIvbODImbptU3HvEKFlpW5zrgIXv9F98LZua6N+OPwEWDyrFq1SNZ8gvAEcdod6HugpmNOWls05Uocsn5O66cpiUsxQ20NSUtcl12VLFrOZVWLpdtiZ0x1uHKE5QvfEp0plk/qv8RGw/bBS+fmsUtl+ThrWgZf6b8C8/UXAeIuJAAAACXBIWXMAAAsTAAALEwEAmpwYAAABG0lEQVQoFZVTu26EMBAc8CmKdHe5UCRNuvsBdPxFfjVlviFVCiTaFCkiRYquQXAP8/I5sw4IrgCRkdb2emfGayw8ADeMVTtzmo2KzOOCwyaKov1s2YAYx/GjGCyNMQjDcFAaX3qeB2stkiQR0lIMVF3XyPMcaZpeKYUoENEQQRBANIQSA5dkWQaJOfB9vzOAM3jJLrhbnGAOJdhf7yEnD/O2osoTcmp2zJ2BLkrcfnzBmGMvnlipnxW0u31noCvcGwuLy4SsL1l+dK3/uK6Dh9c9tlsS5ukB/4zmk/xnLsX3rDkMri57kyDXaUhyHRRFS79+rUmPTiMGVdMAb++T/LFiJWduGE+M9RhrZP/A/W8xUAz5oWT+DwzJ1S8JoWjm5fjFnAAAAABJRU5ErkJggg=='') !important;">&nbsp;</div>\n\n<div class="kl_layout_selector_label">Deutsch</div>\n</div>\n\n<div class="kl_layout_selector_option kl_layout_selector_option_middle" locale="es" style="display: none;">\n<div class="kl_layout_selector_icon" style="background-image: url(''data:image/png;base64,iVBORw0KGgoAAAANSUhEUgAAABAAAAAOCAYAAAAmL5yKAAAC7mlDQ1BJQ0MgUHJvZmlsZQAAeAGFVM9rE0EU/jZuqdAiCFprDrJ4kCJJWatoRdQ2/RFiawzbH7ZFkGQzSdZuNuvuJrWliOTi0SreRe2hB/+AHnrwZC9KhVpFKN6rKGKhFy3xzW5MtqXqwM5+8943731vdt8ADXLSNPWABOQNx1KiEWlsfEJq/IgAjqIJQTQlVdvsTiQGQYNz+Xvn2HoPgVtWw3v7d7J3rZrStpoHhP1A4Eea2Sqw7xdxClkSAog836Epx3QI3+PY8uyPOU55eMG1Dys9xFkifEA1Lc5/TbhTzSXTQINIOJT1cVI+nNeLlNcdB2luZsbIEL1PkKa7zO6rYqGcTvYOkL2d9H5Os94+wiHCCxmtP0a4jZ71jNU/4mHhpObEhj0cGDX0+GAVtxqp+DXCFF8QTSeiVHHZLg3xmK79VvJKgnCQOMpkYYBzWkhP10xu+LqHBX0m1xOv4ndWUeF5jxNn3tTd70XaAq8wDh0MGgyaDUhQEEUEYZiwUECGPBoxNLJyPyOrBhuTezJ1JGq7dGJEsUF7Ntw9t1Gk3Tz+KCJxlEO1CJL8Qf4qr8lP5Xn5y1yw2Fb3lK2bmrry4DvF5Zm5Gh7X08jjc01efJXUdpNXR5aseXq8muwaP+xXlzHmgjWPxHOw+/EtX5XMlymMFMXjVfPqS4R1WjE3359sfzs94i7PLrXWc62JizdWm5dn/WpI++6qvJPmVflPXvXx/GfNxGPiKTEmdornIYmXxS7xkthLqwviYG3HCJ2VhinSbZH6JNVgYJq89S9dP1t4vUZ/DPVRlBnM0lSJ93/CKmQ0nbkOb/qP28f8F+T3iuefKAIvbODImbptU3HvEKFlpW5zrgIXv9F98LZua6N+OPwEWDyrFq1SNZ8gvAEcdod6HugpmNOWls05Uocsn5O66cpiUsxQ20NSUtcl12VLFrOZVWLpdtiZ0x1uHKE5QvfEp0plk/qv8RGw/bBS+fmsUtl+ThrWgZf6b8C8/UXAeIuJAAAACXBIWXMAAAsTAAALEwEAmpwYAAABbklEQVQoFZVTTUsDMRB9cduKW0XbiuAnfuBJUUR/gl4Ff6c3L969CGIRob1URC9drP2Sdrfbprtd36QKdntofTAJmcx7mcwkCkCKNv8zc5oampFugsPi2+HZZ4QBFGamZkvgTuFxRQTSGISwT46nIysFRBH8p2eJT4uAFek+wlYbYb0xKsJAAyH9gZXLQjiEJQLYyhdgpZJUdtD1bbi1FJY2XCRUINvjUGsIdYGXB4xAj+Wwkw7cRgXVm020Sjn4lxq5ozLsOfJHEzCCPZMAhlXzO/QNKui/ZPF++4F68xxR7QqBI35aGLcKfI8+wpS9IwKyCJaR2e+jlL+Gd3/H9dA/lgEz+uWYK5gFT6kelLCaAS72HATbr3B3+UAkgzjoGxEonorOLCJ4aJpg34xfHMXiUOx8EVIEPSxiFwHJ7AKkYpMhj65LskCO1lKjB/hjV5WACdDSIHYT67SFCcHx7TYdZRGwaPKhZP4PJHH9DdVbglfXvCJbAAAAAElFTkSuQmCC'') !important;">&nbsp;</div>\n\n<div class="kl_layout_selector_label">Espa&ntilde;ol</div>\n</div>\n\n<div class="kl_layout_selector_option kl_layout_selector_option_middle" locale="fr" style="display: none;">\n<div class="kl_layout_selector_icon" style="background-image: url(''data:image/png;base64,iVBORw0KGgoAAAANSUhEUgAAABAAAAANCAYAAACgu+4kAAAC7mlDQ1BJQ0MgUHJvZmlsZQAAeAGFVM9rE0EU/jZuqdAiCFprDrJ4kCJJWatoRdQ2/RFiawzbH7ZFkGQzSdZuNuvuJrWliOTi0SreRe2hB/+AHnrwZC9KhVpFKN6rKGKhFy3xzW5MtqXqwM5+8943731vdt8ADXLSNPWABOQNx1KiEWlsfEJq/IgAjqIJQTQlVdvsTiQGQYNz+Xvn2HoPgVtWw3v7d7J3rZrStpoHhP1A4Eea2Sqw7xdxClkSAog836Epx3QI3+PY8uyPOU55eMG1Dys9xFkifEA1Lc5/TbhTzSXTQINIOJT1cVI+nNeLlNcdB2luZsbIEL1PkKa7zO6rYqGcTvYOkL2d9H5Os94+wiHCCxmtP0a4jZ71jNU/4mHhpObEhj0cGDX0+GAVtxqp+DXCFF8QTSeiVHHZLg3xmK79VvJKgnCQOMpkYYBzWkhP10xu+LqHBX0m1xOv4ndWUeF5jxNn3tTd70XaAq8wDh0MGgyaDUhQEEUEYZiwUECGPBoxNLJyPyOrBhuTezJ1JGq7dGJEsUF7Ntw9t1Gk3Tz+KCJxlEO1CJL8Qf4qr8lP5Xn5y1yw2Fb3lK2bmrry4DvF5Zm5Gh7X08jjc01efJXUdpNXR5aseXq8muwaP+xXlzHmgjWPxHOw+/EtX5XMlymMFMXjVfPqS4R1WjE3359sfzs94i7PLrXWc62JizdWm5dn/WpI++6qvJPmVflPXvXx/GfNxGPiKTEmdornIYmXxS7xkthLqwviYG3HCJ2VhinSbZH6JNVgYJq89S9dP1t4vUZ/DPVRlBnM0lSJ93/CKmQ0nbkOb/qP28f8F+T3iuefKAIvbODImbptU3HvEKFlpW5zrgIXv9F98LZua6N+OPwEWDyrFq1SNZ8gvAEcdod6HugpmNOWls05Uocsn5O66cpiUsxQ20NSUtcl12VLFrOZVWLpdtiZ0x1uHKE5QvfEp0plk/qv8RGw/bBS+fmsUtl+ThrWgZf6b8C8/UXAeIuJAAAACXBIWXMAAAsTAAALEwEAmpwYAAABPUlEQVQoFY1Sy07DMBAcp7QcAooQEhdOHJGKUMU38Flc+C5O+YBygF4B8Tr0kJI0JH7EMWsnTZoQHmut7VnvTiZrMwAT8r16peXfJikz3aEpmE2vlv2y+d11J7S4uOxgC6bzmyNL4Gtd4nx28i1hO+CfnVaQMcAYpLf3FvuWYKSURpJwrKJ1lTQw86fnJjo+PIBRyuKRJYCUEvEqRfzxaeGg6bglZ94ISgmX5wgE54iiFOk6s+oGTcVJE7cpgtseApUCnuP1YYlM5C44NInH9yasgxj5xHO4IqBCQ4pKGj9be2ZUgayspDoCJSQ87P5KYLbITaHBi8J9y+lQEO6YEc3G+0oYnWwGpEEm3S3UPYB0m3EF+7U1dmLd3v4qR0tA7dTI8NIpDMOwgxcYvGJJzwoB+TH5fqfib2AfxtsX0zCBpMQ+chEAAAAASUVORK5CYII='') !important;">&nbsp;</div>\n\n<div class="kl_layout_selector_label">Fran&ccedil;ais</div>\n</div>\n\n<div class="kl_layout_selector_option kl_layout_selector_option_middle" locale="it" style="display: none;">\n<div class="kl_layout_selector_icon" style="background-image: url(''data:image/png;base64,iVBORw0KGgoAAAANSUhEUgAAABAAAAAOCAYAAAAmL5yKAAAC7mlDQ1BJQ0MgUHJvZmlsZQAAeAGFVM9rE0EU/jZuqdAiCFprDrJ4kCJJWatoRdQ2/RFiawzbH7ZFkGQzSdZuNuvuJrWliOTi0SreRe2hB/+AHnrwZC9KhVpFKN6rKGKhFy3xzW5MtqXqwM5+8943731vdt8ADXLSNPWABOQNx1KiEWlsfEJq/IgAjqIJQTQlVdvsTiQGQYNz+Xvn2HoPgVtWw3v7d7J3rZrStpoHhP1A4Eea2Sqw7xdxClkSAog836Epx3QI3+PY8uyPOU55eMG1Dys9xFkifEA1Lc5/TbhTzSXTQINIOJT1cVI+nNeLlNcdB2luZsbIEL1PkKa7zO6rYqGcTvYOkL2d9H5Os94+wiHCCxmtP0a4jZ71jNU/4mHhpObEhj0cGDX0+GAVtxqp+DXCFF8QTSeiVHHZLg3xmK79VvJKgnCQOMpkYYBzWkhP10xu+LqHBX0m1xOv4ndWUeF5jxNn3tTd70XaAq8wDh0MGgyaDUhQEEUEYZiwUECGPBoxNLJyPyOrBhuTezJ1JGq7dGJEsUF7Ntw9t1Gk3Tz+KCJxlEO1CJL8Qf4qr8lP5Xn5y1yw2Fb3lK2bmrry4DvF5Zm5Gh7X08jjc01efJXUdpNXR5aseXq8muwaP+xXlzHmgjWPxHOw+/EtX5XMlymMFMXjVfPqS4R1WjE3359sfzs94i7PLrXWc62JizdWm5dn/WpI++6qvJPmVflPXvXx/GfNxGPiKTEmdornIYmXxS7xkthLqwviYG3HCJ2VhinSbZH6JNVgYJq89S9dP1t4vUZ/DPVRlBnM0lSJ93/CKmQ0nbkOb/qP28f8F+T3iuefKAIvbODImbptU3HvEKFlpW5zrgIXv9F98LZua6N+OPwEWDyrFq1SNZ8gvAEcdod6HugpmNOWls05Uocsn5O66cpiUsxQ20NSUtcl12VLFrOZVWLpdtiZ0x1uHKE5QvfEp0plk/qv8RGw/bBS+fmsUtl+ThrWgZf6b8C8/UXAeIuJAAAACXBIWXMAAAsTAAALEwEAmpwYAAABVElEQVQoFZVTS07DMBB9TtKwKKWCBRJix4IF6hXYIK7BBbgPF+Ae3VScAJYsqiJRIVhU5Gs7js3YifIjCLA0nnnjNy+jscMAhGT7tSf35yWJmQS0za/ub9+HZcubu15qfXndwxacPSyPrcBU6xKLk/NvhG5ib3HhoAcGDQP++GTx1Ar4hVaIRYpdHjnS2KY2mybtHx3CFMpi3wpAygJRniAm+2mVUdwcMd+HktzhSkBw7HiEVGbUnGmI3UB/tt0poghuZwg4AZELbM0bMpF1a3qxfNk22DuIkAWew7VADi8MYYxuSMNA686ZKpC5EdQdSC4QzAISGG/fiXUEWFGCm0rB9aFIAB3C8OsOMwbUZueUVbdQzUCJwg0vqC5ltN6bTNp8Se9AtEOUhhLJ80dLoGi1WvXwOh29Ykl9YU52SjbrVfwO7MN4tQI+mf2hrP/PKoksvwArhYzX7rtqFAAAAABJRU5ErkJggg=='') !important;">&nbsp;</div>\n\n<div class="kl_layout_selector_label">Italiano</div>\n</div>\n\n<div class="kl_layout_selector_option kl_layout_selector_option_middle" locale="pl" style="display: none;">\n<div class="kl_layout_selector_icon" style="background-image: url(''data:image/png;base64,iVBORw0KGgoAAAANSUhEUgAAABAAAAAOCAYAAAAmL5yKAAAC7mlDQ1BJQ0MgUHJvZmlsZQAAeAGFVM9rE0EU/jZuqdAiCFprDrJ4kCJJWatoRdQ2/RFiawzbH7ZFkGQzSdZuNuvuJrWliOTi0SreRe2hB/+AHnrwZC9KhVpFKN6rKGKhFy3xzW5MtqXqwM5+8943731vdt8ADXLSNPWABOQNx1KiEWlsfEJq/IgAjqIJQTQlVdvsTiQGQYNz+Xvn2HoPgVtWw3v7d7J3rZrStpoHhP1A4Eea2Sqw7xdxClkSAog836Epx3QI3+PY8uyPOU55eMG1Dys9xFkifEA1Lc5/TbhTzSXTQINIOJT1cVI+nNeLlNcdB2luZsbIEL1PkKa7zO6rYqGcTvYOkL2d9H5Os94+wiHCCxmtP0a4jZ71jNU/4mHhpObEhj0cGDX0+GAVtxqp+DXCFF8QTSeiVHHZLg3xmK79VvJKgnCQOMpkYYBzWkhP10xu+LqHBX0m1xOv4ndWUeF5jxNn3tTd70XaAq8wDh0MGgyaDUhQEEUEYZiwUECGPBoxNLJyPyOrBhuTezJ1JGq7dGJEsUF7Ntw9t1Gk3Tz+KCJxlEO1CJL8Qf4qr8lP5Xn5y1yw2Fb3lK2bmrry4DvF5Zm5Gh7X08jjc01efJXUdpNXR5aseXq8muwaP+xXlzHmgjWPxHOw+/EtX5XMlymMFMXjVfPqS4R1WjE3359sfzs94i7PLrXWc62JizdWm5dn/WpI++6qvJPmVflPXvXx/GfNxGPiKTEmdornIYmXxS7xkthLqwviYG3HCJ2VhinSbZH6JNVgYJq89S9dP1t4vUZ/DPVRlBnM0lSJ93/CKmQ0nbkOb/qP28f8F+T3iuefKAIvbODImbptU3HvEKFlpW5zrgIXv9F98LZua6N+OPwEWDyrFq1SNZ8gvAEcdod6HugpmNOWls05Uocsn5O66cpiUsxQ20NSUtcl12VLFrOZVWLpdtiZ0x1uHKE5QvfEp0plk/qv8RGw/bBS+fmsUtl+ThrWgZf6b8C8/UXAeIuJAAAACXBIWXMAAAsTAAALEwEAmpwYAAAA5ElEQVQoFZVTSw6CMBB95WNiwIAbNx7Apfc/g1uv4MaNJqJA+YwzRZJZgJQmQ2em7z2m09YA2LClv5kn72EZWUT8yYjo7k1TQGPMIeA4Ubm1biIC4VqWwocigLZtVc7PHTlOoK5rP5ZCjRxpIq6nM/ZNh/5ZKMi8G+QpHvGwcydQcgV5ZwBL8yy1Qvyzsh+27QSq0sIEIQi9gs27hntW2c4BnMDHNqBY2sFVeAzqCJ+mccihAg4oioGtCxcliHpUSoCLIVzK9yJxAmCl5oztyLabAPxLvXjxJgJyHvKg1t5I6aL9AtuETWwlOflvAAAAAElFTkSuQmCC'') !important;">&nbsp;</div>\n\n<div class="kl_layout_selector_label">Polski</div>\n</div>\n\n<div class="kl_layout_selector_option kl_layout_selector_option_middle" locale="pt" style="display: none;">\n<div class="kl_layout_selector_icon" style="background-image: url(''data:image/png;base64,iVBORw0KGgoAAAANSUhEUgAAABAAAAAOCAYAAAAmL5yKAAAC7mlDQ1BJQ0MgUHJvZmlsZQAAeAGFVM9rE0EU/jZuqdAiCFprDrJ4kCJJWatoRdQ2/RFiawzbH7ZFkGQzSdZuNuvuJrWliOTi0SreRe2hB/+AHnrwZC9KhVpFKN6rKGKhFy3xzW5MtqXqwM5+8943731vdt8ADXLSNPWABOQNx1KiEWlsfEJq/IgAjqIJQTQlVdvsTiQGQYNz+Xvn2HoPgVtWw3v7d7J3rZrStpoHhP1A4Eea2Sqw7xdxClkSAog836Epx3QI3+PY8uyPOU55eMG1Dys9xFkifEA1Lc5/TbhTzSXTQINIOJT1cVI+nNeLlNcdB2luZsbIEL1PkKa7zO6rYqGcTvYOkL2d9H5Os94+wiHCCxmtP0a4jZ71jNU/4mHhpObEhj0cGDX0+GAVtxqp+DXCFF8QTSeiVHHZLg3xmK79VvJKgnCQOMpkYYBzWkhP10xu+LqHBX0m1xOv4ndWUeF5jxNn3tTd70XaAq8wDh0MGgyaDUhQEEUEYZiwUECGPBoxNLJyPyOrBhuTezJ1JGq7dGJEsUF7Ntw9t1Gk3Tz+KCJxlEO1CJL8Qf4qr8lP5Xn5y1yw2Fb3lK2bmrry4DvF5Zm5Gh7X08jjc01efJXUdpNXR5aseXq8muwaP+xXlzHmgjWPxHOw+/EtX5XMlymMFMXjVfPqS4R1WjE3359sfzs94i7PLrXWc62JizdWm5dn/WpI++6qvJPmVflPXvXx/GfNxGPiKTEmdornIYmXxS7xkthLqwviYG3HCJ2VhinSbZH6JNVgYJq89S9dP1t4vUZ/DPVRlBnM0lSJ93/CKmQ0nbkOb/qP28f8F+T3iuefKAIvbODImbptU3HvEKFlpW5zrgIXv9F98LZua6N+OPwEWDyrFq1SNZ8gvAEcdod6HugpmNOWls05Uocsn5O66cpiUsxQ20NSUtcl12VLFrOZVWLpdtiZ0x1uHKE5QvfEp0plk/qv8RGw/bBS+fmsUtl+ThrWgZf6b8C8/UXAeIuJAAAACXBIWXMAAAsTAAALEwEAmpwYAAAB8ElEQVQoFZWSz2pTURDGf/fe5DYxiUmttDVSRFBwYVcFlwqCD9C1L+CjuFWfoOJCEFy4K27UhS5KN0IQkSLF1jZpQyTJ/X/uOc65N1WkXdiBOcMM33znmznHAXzx5ixK+G9LBTmtyNG+++LR4KQtdxw8Y9h49uWkdCoabahe6rCy+WbREjTyXLO6fKMAasfFNZr6qnuqsSw4GK3Idvds2rAEnsoVkyRiGE3QFc0Vd0p/YY/5bQcnB1Nxyt7Z6bYvgsps5lkCMpUyiqek6hf38j6twxg9GDO45TPfE9RIbv1HkCFL7QqgIIjjmKMg5H63x8PtKcFoHb3ikQw3GV8/pv3+AqYqaFP0yAg5iYxtrSBIo4RA7zOc+8an7x28B+tknQbXnjwn6O5Q+3EZLH6mwmnVCZek9ocgjlCVOv2sSdgac/vjKzK/iX9nl9qOoAq1s+slNVlOlCS2v+RMQ0EYxefjLr21iHd6g7mtx+ihova2JTDZZCHBytA4aSYE5Q4KUSqJC1CQ1nn5c43XNxeIfZfFpx3cA/vP7Cv8daMMUVoqKHagEiXf0eBXXXKnwkGyxPKHQ/K69J1hJtbEyqoql5iiNOHXo6KgRZMrSreioMjPOoyM4ely/1ZXW/yquB32PDYR8L4l8MTtoDaex+wM6W+StdCJDVH2GgAAAABJRU5ErkJggg=='') !important;">&nbsp;</div>\n\n<div class="kl_layout_selector_label">Portugu&ecirc;s</div>\n</div>\n\n<div class="kl_layout_selector_option kl_layout_selector_option_middle" locale="ru" style="display: none;">\n<div class="kl_layout_selector_icon" style="background-image: url(''data:image/png;base64,iVBORw0KGgoAAAANSUhEUgAAABAAAAANCAYAAACgu+4kAAAC7mlDQ1BJQ0MgUHJvZmlsZQAAeAGFVM9rE0EU/jZuqdAiCFprDrJ4kCJJWatoRdQ2/RFiawzbH7ZFkGQzSdZuNuvuJrWliOTi0SreRe2hB/+AHnrwZC9KhVpFKN6rKGKhFy3xzW5MtqXqwM5+8943731vdt8ADXLSNPWABOQNx1KiEWlsfEJq/IgAjqIJQTQlVdvsTiQGQYNz+Xvn2HoPgVtWw3v7d7J3rZrStpoHhP1A4Eea2Sqw7xdxClkSAog836Epx3QI3+PY8uyPOU55eMG1Dys9xFkifEA1Lc5/TbhTzSXTQINIOJT1cVI+nNeLlNcdB2luZsbIEL1PkKa7zO6rYqGcTvYOkL2d9H5Os94+wiHCCxmtP0a4jZ71jNU/4mHhpObEhj0cGDX0+GAVtxqp+DXCFF8QTSeiVHHZLg3xmK79VvJKgnCQOMpkYYBzWkhP10xu+LqHBX0m1xOv4ndWUeF5jxNn3tTd70XaAq8wDh0MGgyaDUhQEEUEYZiwUECGPBoxNLJyPyOrBhuTezJ1JGq7dGJEsUF7Ntw9t1Gk3Tz+KCJxlEO1CJL8Qf4qr8lP5Xn5y1yw2Fb3lK2bmrry4DvF5Zm5Gh7X08jjc01efJXUdpNXR5aseXq8muwaP+xXlzHmgjWPxHOw+/EtX5XMlymMFMXjVfPqS4R1WjE3359sfzs94i7PLrXWc62JizdWm5dn/WpI++6qvJPmVflPXvXx/GfNxGPiKTEmdornIYmXxS7xkthLqwviYG3HCJ2VhinSbZH6JNVgYJq89S9dP1t4vUZ/DPVRlBnM0lSJ93/CKmQ0nbkOb/qP28f8F+T3iuefKAIvbODImbptU3HvEKFlpW5zrgIXv9F98LZua6N+OPwEWDyrFq1SNZ8gvAEcdod6HugpmNOWls05Uocsn5O66cpiUsxQ20NSUtcl12VLFrOZVWLpdtiZ0x1uHKE5QvfEp0plk/qv8RGw/bBS+fmsUtl+ThrWgZf6b8C8/UXAeIuJAAAACXBIWXMAAAsTAAALEwEAmpwYAAAA+UlEQVQoFZVQW27CMBAcJyFQwkOAxA9/baWepTfoBTlDD9EroP5U7QcSIBSSEMfxdteAZAmkJCutvbOeGa9WAYg5R9ebr9ahmXmK+JgS0ba1zCMqpZYB48TrdS0TMQi7qjx+KAYwxni9duVNIzvA28ca88UM6akEeXrFtY9vT5NRH/vdwUFnUJYFfv4CZLkstjmOwxgRCke8GOQFKB7C2kf/3RsaQ6j1xUCmfPlMlpvnIIRNz/fsB51gPMC3rfGebV/dBLmuQD3Zp/g1B9WEvKoc0RmcGVDUA54cbHQgshCNhCh0zbv+KjLX6HhomXnKueIcdxSnzP/9B9NWUmzSO7dBAAAAAElFTkSuQmCC'') !important;">&nbsp;</div>\n\n<div class="kl_layout_selector_label">Русский</div>\n</div>\n\n<div class="kl_layout_selector_option_bottom">&nbsp;</div>\n</div>\n</div>\n\n<div class="kl_button kl_system kl_system_alt" focus="return false;" onselectstart="return false;"><canvas class="button_canvas" height="32" width="32">alt</canvas></div>\n\n<div class="kl_button kl_system kl_system_space" focus="return false;" onselectstart="return false;"><canvas class="button_canvas" height="32" width="32"> </canvas></div>\n\n<div class="kl_button kl_system kl_system_alt" focus="return false;" onselectstart="return false;"><canvas class="button_canvas" height="32" width="32">alt</canvas></div>\n\n<div class="kl_spacer">&nbsp;</div>\n</div>\n</div>\n</div>\n\n<div class="kl_keyboard ui-draggable" style="">\n<div class="kl_hook">\n<div class="kl_kb_close_button">&nbsp;</div>\n\n<div class="kl_kb_settings_button">Param&egrave;tres</div>\n</div>\n</div>', '', 1, 1, '2014-05-13 14:29:03', '2014-05-13 14:29:03'),
(42, 4, 5, 'test je suis Henri Lepic hi', '<p>haaaaa</p>\n\n<p>&nbsp;</p>', '', 1, 1, '2014-05-13 14:38:04', '2014-05-13 14:38:04'),
(43, 4, 5, 'test je suis Henri Lepic hi didi', '<p>haaaaa</p>\n\n<p>&nbsp;</p>', '', 1, 1, '2014-05-13 14:38:25', '2014-05-13 14:38:25'),
(44, 4, 1, 'test coucou', '<p>test coucou</p>', '', 0, 1, '2014-05-13 14:42:52', '2014-05-13 14:42:52'),
(45, 4, 1, 'test coucou', '<p>test coucou dddd</p>', '', 0, 1, '2014-05-13 14:43:08', '2014-05-13 14:43:08'),
(46, 4, 4, 'sdfqsdfqsdf', '<p>qsdfqsdffd</p>', '', 0, 1, '2014-05-13 14:49:24', '2014-05-13 14:49:24'),
(47, 4, 4, 'sdfqsdfqsdf', '<p>qsdfqsdffd</p>', '', 1, 1, '2014-05-13 14:49:32', '2014-05-13 14:49:32'),
(48, 4, 4, 'sdfqsdfqsdf', '<p>qsdfqsdffd</p>', '', 1, 1, '2014-05-13 14:49:44', '2014-05-13 14:49:44'),
(49, 4, 1, 'qsdfqsdfqsdf', '<p>qsdfqsdfqsdf</p>', '', 0, 1, '2014-05-13 14:52:07', '2014-05-13 14:52:07'),
(50, 4, 1, 'qsdfqsdfqsdf', '<p>qsdfqsdfqsdf</p>', '', 0, 1, '2014-05-13 14:52:13', '2014-05-13 14:52:13'),
(51, 4, 1, 'qsdfqsdfqsdf', '<p>qsdfqsdfqsdf</p>', '', 0, 1, '2014-05-13 14:52:34', '2014-05-13 14:52:34'),
(52, 4, 1, 'qsdfqsdfqsdfqsdfqsdfqsdffsdq', '<p>qsdfqsdfqsdfqsdfqsdfq</p>', '', 0, 1, '2014-05-13 14:55:33', '2014-05-13 14:55:33'),
(53, 4, 1, 'qsdfqsdfqsdfqsqsdfsqdfqsddfqsdfqsdffsdq', '<p>qsdfqsdfqsdfqsdfqsdfqqsdfqsdfqsdf</p>', '', 0, 1, '2014-05-13 14:56:03', '2014-05-13 14:56:03'),
(54, 4, 1, 'Coucou hihi', '<p>ho hu</p>', '', 0, 1, '0000-00-00 00:00:00', '2014-05-13 15:07:03'),
(55, 4, 1, 'mon post très important', '<p>hihisdfsqdf</p>', '', 1, 1, '0000-00-00 00:00:00', '2014-05-13 17:38:45'),
(56, 6, 0, 'mon titre fire fox', '<p>qsdfqsdf</p>', '', 0, 1, '2014-05-14 09:14:47', '2014-05-14 09:14:47'),
(57, 6, 3, 'qsdqfsdf', '<p>qsdfqsdf</p>', '', 0, 1, '2014-05-14 09:28:07', '2014-05-14 09:28:07'),
(58, 6, 5, 'fire fox', '<p>sdfqsdfsdf</p>', '', 0, 1, '2014-05-14 09:28:27', '2014-05-14 09:28:27'),
(59, 6, 3, 'Firefox coucou', '<p>coucou</p>', '', 0, 1, '2014-05-14 09:28:52', '2014-05-14 09:28:52'),
(60, 1, 3, 'coucou didi', '<p>coucou</p>', '', 0, 1, '2014-05-14 09:29:23', '2014-05-14 09:29:23'),
(61, 1, 1, 'coucou', '<p>didi</p>', '', 0, 1, '2014-05-14 09:30:09', '2014-05-14 09:30:09'),
(62, 1, 3, 'haha', '<p>sdfqsdfqf</p>', '', 0, 1, '2014-05-14 09:34:23', '2014-05-14 09:34:23'),
(63, 1, 3, 'coucou', '<p>salut</p>', '', 0, 1, '2014-05-14 10:22:27', '2014-05-14 10:22:27'),
(64, 6, 2, 'coucou', '<p>test</p>', '', 0, 1, '2014-05-14 10:24:38', '2014-05-14 10:24:38'),
(65, 1, 1, 'test mon sujet c''est cool', '<p>du contenu en veux tu en voil&agrave;</p>', '', 1, 1, '0000-00-00 00:00:00', '2014-05-14 13:25:32'),
(66, 1, 3, 'qsdfqsdfqsdfqf', '<p>qsdfqsdfqf</p>', '', 1, 1, '0000-00-00 00:00:00', '2014-05-14 13:26:05'),
(67, 3, 3, 'je suis antoine et je vous parles de moi', '<p>coucou je suis ici &agrave; Paris</p>', '', 0, 0, '2014-05-16 15:28:48', '2014-05-16 15:28:48'),
(68, 3, 3, 'Antoine c''est moi', '<p>Mon Contenu</p>', '', 0, 1, '2014-05-16 16:11:57', '2014-05-16 16:11:57');

-- --------------------------------------------------------

--
-- Structure de la table `forum_category`
--

CREATE TABLE `forum_category` (
  `id` int(10) unsigned NOT NULL AUTO_INCREMENT,
  `title` varchar(100) NOT NULL,
  `created_at` datetime NOT NULL,
  `updated_at` datetime NOT NULL,
  PRIMARY KEY (`id`)
) ENGINE=InnoDB  DEFAULT CHARSET=utf8 AUTO_INCREMENT=6 ;

--
-- Contenu de la table `forum_category`
--

INSERT INTO `forum_category` (`id`, `title`, `created_at`, `updated_at`) VALUES
(1, 'Packaging', '0000-00-00 00:00:00', '0000-00-00 00:00:00'),
(2, 'Web', '0000-00-00 00:00:00', '0000-00-00 00:00:00'),
(3, 'Rough', '0000-00-00 00:00:00', '0000-00-00 00:00:00'),
(4, 'Cours', '0000-00-00 00:00:00', '0000-00-00 00:00:00'),
(5, 'Autre', '0000-00-00 00:00:00', '0000-00-00 00:00:00');

-- --------------------------------------------------------

--
-- Structure de la table `forum_post`
--

CREATE TABLE `forum_post` (
  `id` int(10) unsigned NOT NULL AUTO_INCREMENT,
  `forum_id` int(10) unsigned NOT NULL,
  `user_id` int(10) unsigned NOT NULL,
  `text` text NOT NULL,
  `is_online` int(1) unsigned NOT NULL DEFAULT '1',
  `created_at` datetime NOT NULL,
  `updated_at` datetime NOT NULL,
  PRIMARY KEY (`id`)
) ENGINE=InnoDB  DEFAULT CHARSET=utf8 AUTO_INCREMENT=188 ;

--
-- Contenu de la table `forum_post`
--

INSERT INTO `forum_post` (`id`, `forum_id`, `user_id`, `text`, `is_online`, `created_at`, `updated_at`) VALUES
(1, 1, 1, 'voici ma réponse A', 1, '0000-00-00 00:00:00', '0000-00-00 00:00:00'),
(2, 1, 2, 'voici ma réponse B', 1, '0000-00-00 00:00:00', '0000-00-00 00:00:00'),
(6, 20, 4, 'coucou', 1, '2014-05-13 09:46:50', '2014-05-13 09:46:50'),
(7, 31, 4, 'qsdfqsdf', 1, '2014-05-13 12:37:29', '2014-05-13 12:37:29'),
(8, 31, 4, 'qsdfqsdf', 1, '2014-05-13 12:37:33', '2014-05-13 12:37:33'),
(9, 31, 4, 'sdfqsfd', 1, '2014-05-13 12:37:36', '2014-05-13 12:37:36'),
(10, 30, 4, 'post 30 tiiiii', 1, '2014-05-13 13:27:14', '2014-05-13 13:27:14'),
(11, 30, 4, 'qsldfj', 1, '2014-05-13 13:29:55', '2014-05-13 13:29:55'),
(12, 30, 4, 'sup', 1, '2014-05-13 13:30:07', '2014-05-13 13:30:07'),
(13, 30, 4, 'supiiir', 1, '2014-05-13 13:30:25', '2014-05-13 13:30:25'),
(14, 30, 4, 'qsdfsd', 1, '2014-05-13 13:31:04', '2014-05-13 13:31:04'),
(15, 30, 4, 'qsdfqsdf', 1, '2014-05-13 13:31:51', '2014-05-13 13:31:51'),
(16, 31, 6, 'qsdFQSDFQDS', 1, '2014-05-13 13:50:26', '2014-05-13 13:50:26'),
(17, 31, 6, 'qsdfqsdffd', 1, '2014-05-13 13:51:32', '2014-05-13 13:51:32'),
(18, 32, 2, 'c''est moi rené', 1, '2014-05-13 13:53:03', '2014-05-13 13:53:03'),
(19, 32, 3, 'coucou je suis chameau', 1, '2014-05-13 13:53:45', '2014-05-13 13:53:45'),
(20, 33, 4, 'je test', 1, '2014-05-13 13:56:34', '2014-05-13 13:56:34'),
(21, 34, 4, 'sdfgdfgs', 1, '2014-05-13 13:57:17', '2014-05-13 13:57:17'),
(22, 36, 4, 'je suis un commentaire', 1, '2014-05-13 14:00:18', '2014-05-13 14:00:18'),
(23, 38, 4, 'test', 1, '2014-05-13 14:11:56', '2014-05-13 14:11:56'),
(24, 38, 4, 'test', 1, '2014-05-13 14:11:59', '2014-05-13 14:11:59'),
(25, 39, 4, 'qsdfqsdfqf', 1, '2014-05-13 14:13:54', '2014-05-13 14:13:54'),
(26, 40, 4, 'mon commentaire coucou', 1, '2014-05-13 14:28:53', '2014-05-13 14:28:53'),
(27, 42, 4, 'mon commenatire', 1, '2014-05-13 14:38:16', '2014-05-13 14:38:16'),
(28, 44, 4, 'test', 1, '2014-05-13 14:42:59', '2014-05-13 14:42:59'),
(29, 47, 4, 'qsdfqsdf', 1, '2014-05-13 14:49:41', '2014-05-13 14:49:41'),
(30, 51, 4, '64654654654', 1, '2014-05-13 14:52:55', '2014-05-13 14:52:55'),
(31, 54, 4, 'coucou', 1, '2014-05-13 15:01:45', '2014-05-13 15:01:45'),
(32, 54, 4, 'hihi', 1, '2014-05-13 15:01:48', '2014-05-13 15:01:48'),
(33, 54, 4, 'coucou', 1, '2014-05-13 15:06:14', '2014-05-13 15:06:14'),
(34, 54, 4, 'qsdfqsdfq', 1, '2014-05-13 15:06:32', '2014-05-13 15:06:32'),
(35, 54, 4, 'qsdfqsdfsqdf', 1, '2014-05-13 15:06:36', '2014-05-13 15:06:36'),
(36, 54, 4, 'qsdfqsdfqsdfqdsf', 1, '2014-05-13 15:06:40', '2014-05-13 15:06:40'),
(37, 54, 4, 'qsdfqsdfqfsdfqsdf', 1, '2014-05-13 15:06:44', '2014-05-13 15:06:44'),
(38, 54, 4, 'qsddd', 1, '2014-05-13 15:06:51', '2014-05-13 15:06:51'),
(39, 54, 4, 'qsdfqsdfqsdfqsdf', 1, '2014-05-13 15:07:28', '2014-05-13 15:07:28'),
(40, 54, 4, 'qsdfqfsqf', 1, '2014-05-13 15:20:43', '2014-05-13 15:20:43'),
(41, 54, 4, 'qsdfqsdfqsdf', 1, '2014-05-13 15:25:20', '2014-05-13 15:25:20'),
(42, 54, 4, 'qsdqsdfsqf', 1, '2014-05-13 15:25:33', '2014-05-13 15:25:33'),
(43, 54, 4, 'coucou', 1, '2014-05-13 15:28:00', '2014-05-13 15:28:00'),
(44, 54, 4, 'hihi', 1, '2014-05-13 15:28:04', '2014-05-13 15:28:04'),
(45, 54, 4, 'kkljklj', 1, '2014-05-13 15:29:00', '2014-05-13 15:29:00'),
(46, 55, 4, 'coucou', 1, '2014-05-13 15:31:35', '2014-05-13 15:31:35'),
(47, 55, 4, 'test', 1, '2014-05-13 15:31:38', '2014-05-13 15:31:38'),
(48, 55, 4, 'coucou', 1, '2014-05-13 15:31:42', '2014-05-13 15:31:42'),
(49, 55, 4, 'test', 1, '2014-05-13 15:32:02', '2014-05-13 15:32:02'),
(50, 55, 4, 'jjj', 1, '2014-05-13 15:35:21', '2014-05-13 15:35:21'),
(51, 43, 4, '5555', 1, '2014-05-13 15:36:37', '2014-05-13 15:36:37'),
(52, 43, 4, '', 1, '2014-05-13 15:37:15', '2014-05-13 15:37:15'),
(53, 43, 4, 'coucou', 1, '2014-05-13 15:37:20', '2014-05-13 15:37:20'),
(54, 43, 4, 'test', 1, '2014-05-13 15:37:23', '2014-05-13 15:37:23'),
(55, 43, 4, 'https://www.google.fr/images/srpr/logo11w.png', 1, '2014-05-13 15:37:28', '2014-05-13 15:37:28'),
(56, 43, 4, 'Test lien', 1, '2014-05-13 15:38:17', '2014-05-13 15:38:17'),
(57, 55, 4, 'qsdfdqsf', 1, '2014-05-13 15:57:30', '2014-05-13 15:57:30'),
(58, 55, 4, 'qsdfqsdf', 1, '2014-05-13 15:57:32', '2014-05-13 15:57:32'),
(59, 55, 4, 'qsdfqsdf', 1, '2014-05-13 15:57:35', '2014-05-13 15:57:35'),
(60, 55, 4, 'qsdfsqf', 1, '2014-05-13 15:58:15', '2014-05-13 15:58:15'),
(61, 55, 4, 'qsdfqsdf', 1, '2014-05-13 15:58:38', '2014-05-13 15:58:38'),
(62, 55, 4, 'qsdfqsdfs', 1, '2014-05-13 15:58:45', '2014-05-13 15:58:45'),
(63, 55, 4, 'qsdfs', 1, '2014-05-13 15:59:41', '2014-05-13 15:59:41'),
(64, 55, 4, 'qsdfqsdf', 1, '2014-05-13 16:00:03', '2014-05-13 16:00:03'),
(65, 55, 4, 'qsdfqsdfsdfdfd', 1, '2014-05-13 16:00:06', '2014-05-13 16:00:06'),
(66, 55, 4, 'qsdfqsdfsdfdfd', 1, '2014-05-13 16:00:11', '2014-05-13 16:00:11'),
(67, 55, 4, 'qsdfqsdfsdfdfd', 1, '2014-05-13 16:00:23', '2014-05-13 16:00:23'),
(68, 55, 4, 'qsdfqf', 1, '2014-05-13 16:00:27', '2014-05-13 16:00:27'),
(69, 55, 4, 'qsdfqf', 1, '2014-05-13 16:00:28', '2014-05-13 16:00:28'),
(70, 55, 4, 'qsdfqf', 1, '2014-05-13 16:00:34', '2014-05-13 16:00:34'),
(71, 55, 4, 'qsdfqfqsdfqf', 1, '2014-05-13 16:00:38', '2014-05-13 16:00:38'),
(72, 55, 4, 'qsdfsqf', 1, '2014-05-13 16:01:21', '2014-05-13 16:01:21'),
(73, 55, 4, 'qsdfqsdf', 1, '2014-05-13 16:01:37', '2014-05-13 16:01:37'),
(74, 55, 4, 'qsdfqsdf', 1, '2014-05-13 16:01:42', '2014-05-13 16:01:42'),
(75, 55, 4, 'qsdfqsdf', 1, '2014-05-13 16:01:45', '2014-05-13 16:01:45'),
(76, 55, 4, 'qsdfqsdf', 1, '2014-05-13 17:25:29', '2014-05-13 17:25:29'),
(77, 55, 4, 'qsdfqsdf', 1, '2014-05-13 17:25:32', '2014-05-13 17:25:32'),
(78, 55, 4, 'qsdfsqdf', 1, '2014-05-13 17:25:34', '2014-05-13 17:25:34'),
(79, 55, 4, 'qsdfsqdf', 1, '2014-05-13 17:25:46', '2014-05-13 17:25:46'),
(80, 55, 4, 'qsdfqsdf', 1, '2014-05-13 17:25:49', '2014-05-13 17:25:49'),
(81, 55, 4, 'qsdfsdfs', 1, '2014-05-13 17:25:56', '2014-05-13 17:25:56'),
(82, 55, 4, 'qsdfsqdf', 1, '2014-05-13 17:25:58', '2014-05-13 17:25:58'),
(83, 55, 4, 'qsdfsqdf', 1, '2014-05-13 17:26:12', '2014-05-13 17:26:12'),
(84, 55, 4, 'qsdfsqdf', 1, '2014-05-13 17:26:14', '2014-05-13 17:26:14'),
(85, 55, 4, 'qsdfsqdf', 1, '2014-05-13 17:26:16', '2014-05-13 17:26:16'),
(86, 55, 4, 'hoho', 1, '2014-05-13 17:26:24', '2014-05-13 17:26:24'),
(87, 55, 4, 'qsdfsdf', 1, '2014-05-13 17:26:41', '2014-05-13 17:26:41'),
(88, 55, 4, 'sqdfsqdfsd', 1, '2014-05-13 17:26:46', '2014-05-13 17:26:46'),
(89, 55, 4, 'qsdfsqdfsqdf', 1, '2014-05-13 17:27:03', '2014-05-13 17:27:03'),
(90, 55, 4, 'qsdfsdf', 1, '2014-05-13 17:27:06', '2014-05-13 17:27:06'),
(91, 55, 4, 'qsdfsdqfqsdf', 1, '2014-05-13 17:27:08', '2014-05-13 17:27:08'),
(92, 55, 4, 'qsdfsqdf', 1, '2014-05-13 17:28:07', '2014-05-13 17:28:07'),
(93, 55, 4, 'qsdsdf', 1, '2014-05-13 17:28:11', '2014-05-13 17:28:11'),
(94, 55, 4, 'qsdfqsdfs', 1, '2014-05-13 17:28:40', '2014-05-13 17:28:40'),
(95, 55, 4, 'qsdfsqdf', 1, '2014-05-13 17:28:42', '2014-05-13 17:28:42'),
(96, 55, 4, 'qsdfsdfqsdf', 1, '2014-05-13 17:28:47', '2014-05-13 17:28:47'),
(97, 55, 4, 'sqdfsdqfsdf', 1, '2014-05-13 17:28:49', '2014-05-13 17:28:49'),
(98, 55, 4, 'qsdfsqdfsqd', 1, '2014-05-13 17:29:15', '2014-05-13 17:29:15'),
(99, 55, 4, 'coucou', 1, '2014-05-13 17:29:25', '2014-05-13 17:29:25'),
(100, 55, 4, 'qsdfqsdfsdfq', 1, '2014-05-13 17:29:58', '2014-05-13 17:29:58'),
(101, 55, 4, 'qsdfqsdfq', 1, '2014-05-13 17:30:01', '2014-05-13 17:30:01'),
(102, 55, 4, 'lqskdfjlqsdkfj', 1, '2014-05-13 17:30:06', '2014-05-13 17:30:06'),
(103, 55, 4, 'qsdfqsdfmlkqjsdflj', 1, '2014-05-13 17:30:11', '2014-05-13 17:30:11'),
(104, 55, 4, 'mqslkdfmlksqdf', 1, '2014-05-13 17:30:15', '2014-05-13 17:30:15'),
(105, 55, 4, 'qsdfqsdmflkjsdf', 1, '2014-05-13 17:30:19', '2014-05-13 17:30:19'),
(106, 55, 4, 'mlsdkmklsdf', 1, '2014-05-13 17:30:24', '2014-05-13 17:30:24'),
(107, 55, 4, 'qsdfsqdfqsdf', 1, '2014-05-13 17:30:41', '2014-05-13 17:30:41'),
(108, 55, 4, 'qsdfqsdf', 1, '2014-05-13 17:30:43', '2014-05-13 17:30:43'),
(109, 55, 4, 'qsdfqsdf', 1, '2014-05-13 17:30:45', '2014-05-13 17:30:45'),
(110, 55, 4, 'qsdfsqdf', 1, '2014-05-13 17:30:47', '2014-05-13 17:30:47'),
(111, 55, 4, 'qsdfqsdf', 1, '2014-05-13 17:30:50', '2014-05-13 17:30:50'),
(112, 55, 4, 'qsdfsqdf', 1, '2014-05-13 17:30:52', '2014-05-13 17:30:52'),
(113, 55, 4, 'qsdfqsdf', 1, '2014-05-13 17:31:02', '2014-05-13 17:31:02'),
(114, 55, 4, 'qsdfqsdfqs', 1, '2014-05-13 17:31:03', '2014-05-13 17:31:03'),
(115, 55, 4, 'qsdfqsdf', 1, '2014-05-13 17:31:05', '2014-05-13 17:31:05'),
(116, 55, 4, 'qsdfqsdfs', 1, '2014-05-13 17:31:08', '2014-05-13 17:31:08'),
(117, 55, 4, 'qsdfsqdf', 1, '2014-05-13 17:36:04', '2014-05-13 17:36:04'),
(118, 55, 4, 'qsdfsqdf', 1, '2014-05-13 17:36:06', '2014-05-13 17:36:06'),
(119, 55, 4, 'qsdfs', 1, '2014-05-13 17:38:51', '2014-05-13 17:38:51'),
(120, 55, 4, 'qsdfq', 1, '2014-05-13 17:38:53', '2014-05-13 17:38:53'),
(121, 55, 4, 'qsdf', 1, '2014-05-13 17:47:37', '2014-05-13 17:47:37'),
(122, 55, 4, 'qsdfsqdf', 1, '2014-05-13 17:47:39', '2014-05-13 17:47:39'),
(123, 55, 4, 'qsdfsqf', 1, '2014-05-13 17:47:40', '2014-05-13 17:47:40'),
(124, 55, 4, 'qsdfqsf', 1, '2014-05-13 17:47:42', '2014-05-13 17:47:42'),
(125, 55, 4, 'qsdfqs', 1, '2014-05-13 17:47:44', '2014-05-13 17:47:44'),
(126, 55, 4, 'qsdfq', 1, '2014-05-13 17:47:46', '2014-05-13 17:47:46'),
(127, 55, 4, 'qsdfs', 1, '2014-05-13 17:47:48', '2014-05-13 17:47:48'),
(128, 55, 4, 'qsdf', 1, '2014-05-13 17:47:50', '2014-05-13 17:47:50'),
(129, 55, 4, 'qsdfsqdf', 1, '2014-05-13 17:47:52', '2014-05-13 17:47:52'),
(130, 55, 4, 'qsdfqsdf', 1, '2014-05-13 17:47:54', '2014-05-13 17:47:54'),
(131, 55, 4, 'qsdf', 1, '2014-05-13 17:47:56', '2014-05-13 17:47:56'),
(132, 55, 4, 'qsdfqsdf', 1, '2014-05-13 17:47:57', '2014-05-13 17:47:57'),
(133, 55, 4, 'qsdfsqdf', 1, '2014-05-13 17:47:59', '2014-05-13 17:47:59'),
(134, 55, 4, 'qsdfsqdf', 1, '2014-05-13 17:48:02', '2014-05-13 17:48:02'),
(135, 55, 4, 'qsdfds', 1, '2014-05-13 17:48:03', '2014-05-13 17:48:03'),
(136, 55, 4, 'qsdfdsf', 1, '2014-05-13 17:48:05', '2014-05-13 17:48:05'),
(137, 55, 4, 'qsdfsqdf', 1, '2014-05-13 17:48:07', '2014-05-13 17:48:07'),
(138, 55, 4, 'qsdfqsdf', 1, '2014-05-13 17:58:26', '2014-05-13 17:58:26'),
(178, 66, 1, 'qsdfsqdfqsdf', 1, '2014-05-14 15:12:49', '2014-05-14 15:12:49'),
(179, 66, 1, 'qsdfqdsfs', 1, '2014-05-14 15:13:01', '2014-05-14 15:13:01'),
(180, 66, 2, 'qsdfqsdfqfq', 1, '2014-05-14 15:13:45', '2014-05-14 15:13:45'),
(181, 66, 2, 'qsdfqsdf', 1, '2014-05-14 15:13:47', '2014-05-14 15:13:47'),
(182, 66, 4, 'qsdfqsdfsqdf', 1, '2014-05-14 15:14:23', '2014-05-14 15:14:23'),
(183, 65, 4, 'wfqsdf', 1, '2014-05-16 14:54:19', '2014-05-16 14:54:19'),
(184, 65, 4, 'qsdfsqdf', 1, '2014-05-16 14:54:21', '2014-05-16 14:54:21'),
(185, 66, 3, 'qsdfsdfsdf', 1, '2014-05-16 15:13:18', '2014-05-16 15:13:18'),
(186, 66, 3, 'qsdfds', 1, '2014-05-16 15:13:22', '2014-05-16 15:13:22'),
(187, 67, 3, 'dsfqsdf', 1, '2014-05-16 15:28:58', '2014-05-16 15:28:58');

-- --------------------------------------------------------

--
-- Structure de la table `news`
--

CREATE TABLE `news` (
  `id` int(10) unsigned NOT NULL AUTO_INCREMENT,
  `id_user` int(10) unsigned NOT NULL,
  `news_category_id` int(10) unsigned NOT NULL,
  `title` varchar(100) NOT NULL,
  `text` text NOT NULL,
  `keywords` varchar(200) NOT NULL,
  `is_online` int(1) unsigned NOT NULL DEFAULT '1',
  `created_at` datetime NOT NULL,
  `updated_at` datetime NOT NULL,
  PRIMARY KEY (`id`)
) ENGINE=InnoDB  DEFAULT CHARSET=utf8 AUTO_INCREMENT=9 ;

--
-- Contenu de la table `news`
--

INSERT INTO `news` (`id`, `id_user`, `news_category_id`, `title`, `text`, `keywords`, `is_online`, `created_at`, `updated_at`) VALUES
(1, 1, 1, 'A Lancement du site CME', 'Lorem ipsum dolor sit amet, consectetur adipiscing elit. Suspendisse odio magna, lobortis ac dolor vitae, feugiat rhoncus justo. Maecenas quis augue leo. Praesent bibendum eget nunc non interdum. Pellentesque ipsum nisi, convallis ut tempor nec, lobortis sit amet sapien. Etiam auctor blandit quam, a commodo nibh imperdiet ac. Suspendisse imperdiet odio non nibh rhoncus pharetra. Pellentesque pulvinar, elit eu condimentum tempus, dui metus adipiscing elit, vel sollicitudin risus sem ac ligula. In vitae sagittis tortor. Donec nec turpis viverra, lobortis elit quis, malesuada velit.', '', 1, '0000-00-00 00:00:00', '0000-00-00 00:00:00'),
(2, 2, 2, 'B Coucou actu 2', 'Autre actu ipsum dolor sit amet, consectetur adipiscing elit. Suspendisse odio magna, lobortis ac dolor vitae, feugiat rhoncus justo. Maecenas quis augue leo. Praesent bibendum eget nunc non interdum. Pellentesque ipsum nisi, convallis ut tempor nec, lobortis sit amet sapien. Etiam auctor blandit quam, a commodo nibh imperdiet ac. Suspendisse imperdiet odio non nibh rhoncus pharetra. Pellentesque pulvinar, elit eu condimentum tempus, dui metus adipiscing elit, vel sollicitudin risus sem ac ligula. In vitae sagittis tortor. Donec nec turpis viverra, lobortis elit quis, malesuada velit.', '', 1, '0000-00-00 00:00:00', '0000-00-00 00:00:00'),
(3, 3, 2, 'C Autre titre de news 3', 'Quisque iaculis turpis eget semper porta. Proin vestibulum tincidunt turpis at consequat. Maecenas dignissim, nunc a tempor venenatis, risus mauris bibendum nibh, et consequat eros mauris sit amet massa. Pellentesque sodales tortor a felis ornare tincidunt. Phasellus interdum ante mi, nec rutrum sem mollis eget. Nullam ac malesuada metus. Donec erat mauris, cursus id elementum vestibulum, mollis sed mi. Morbi hendrerit nisl et accumsan tristique. Duis fermentum est in viverra mollis. Phasellus pellentesque gravida scelerisque. Ut feugiat porttitor suscipit.', '', 1, '0000-00-00 00:00:00', '0000-00-00 00:00:00'),
(4, 4, 1, 'D Nouveau Titre 4', 'Morbi vehicula magna vitae arcu suscipit congue. Proin porttitor tellus vitae feugiat cursus. Cras leo eros, varius ut molestie id, dapibus eu mi. Nulla blandit mi id odio feugiat, eu consequat magna iaculis. Mauris orci velit, accumsan nec sapien nec, elementum posuere urna. Cras lorem massa, mollis vel euismod id, rhoncus quis nulla. Interdum et malesuada fames ac ante ipsum primis in faucibus. Praesent tempor ultricies iaculis. Fusce venenatis ut metus ut faucibus. Praesent tempor facilisis rutrum.', '', 1, '0000-00-00 00:00:00', '0000-00-00 00:00:00'),
(5, 1, 1, 'E Lancement du site CME', 'Lorem ipsum dolor sit amet, consectetur adipiscing elit. Suspendisse odio magna, lobortis ac dolor vitae, feugiat rhoncus justo. Maecenas quis augue leo. Praesent bibendum eget nunc non interdum. Pellentesque ipsum nisi, convallis ut tempor nec, lobortis sit amet sapien. Etiam auctor blandit quam, a commodo nibh imperdiet ac. Suspendisse imperdiet odio non nibh rhoncus pharetra. Pellentesque pulvinar, elit eu condimentum tempus, dui metus adipiscing elit, vel sollicitudin risus sem ac ligula. In vitae sagittis tortor. Donec nec turpis viverra, lobortis elit quis, malesuada velit.', '', 1, '0000-00-00 00:00:00', '0000-00-00 00:00:00'),
(6, 2, 2, 'F Coucou actu 2', 'Autre actu ipsum dolor sit amet, consectetur adipiscing elit. Suspendisse odio magna, lobortis ac dolor vitae, feugiat rhoncus justo. Maecenas quis augue leo. Praesent bibendum eget nunc non interdum. Pellentesque ipsum nisi, convallis ut tempor nec, lobortis sit amet sapien. Etiam auctor blandit quam, a commodo nibh imperdiet ac. Suspendisse imperdiet odio non nibh rhoncus pharetra. Pellentesque pulvinar, elit eu condimentum tempus, dui metus adipiscing elit, vel sollicitudin risus sem ac ligula. In vitae sagittis tortor. Donec nec turpis viverra, lobortis elit quis, malesuada velit.', '', 1, '0000-00-00 00:00:00', '0000-00-00 00:00:00'),
(7, 3, 2, 'G Autre titre de news 3', 'Quisque iaculis turpis eget semper porta. Proin vestibulum tincidunt turpis at consequat. Maecenas dignissim, nunc a tempor venenatis, risus mauris bibendum nibh, et consequat eros mauris sit amet massa. Pellentesque sodales tortor a felis ornare tincidunt. Phasellus interdum ante mi, nec rutrum sem mollis eget. Nullam ac malesuada metus. Donec erat mauris, cursus id elementum vestibulum, mollis sed mi. Morbi hendrerit nisl et accumsan tristique. Duis fermentum est in viverra mollis. Phasellus pellentesque gravida scelerisque. Ut feugiat porttitor suscipit.', '', 1, '0000-00-00 00:00:00', '0000-00-00 00:00:00'),
(8, 4, 1, 'H Nouveau Titre 4', 'Morbi vehicula magna vitae arcu suscipit congue. Proin porttitor tellus vitae feugiat cursus. Cras leo eros, varius ut molestie id, dapibus eu mi. Nulla blandit mi id odio feugiat, eu consequat magna iaculis. Mauris orci velit, accumsan nec sapien nec, elementum posuere urna. Cras lorem massa, mollis vel euismod id, rhoncus quis nulla. Interdum et malesuada fames ac ante ipsum primis in faucibus. Praesent tempor ultricies iaculis. Fusce venenatis ut metus ut faucibus. Praesent tempor facilisis rutrum.', '', 1, '0000-00-00 00:00:00', '0000-00-00 00:00:00');

-- --------------------------------------------------------

--
-- Structure de la table `news_category`
--

CREATE TABLE `news_category` (
  `id` int(10) unsigned NOT NULL AUTO_INCREMENT,
  `title` varchar(100) NOT NULL,
  `created_at` datetime NOT NULL,
  `updated_at` datetime NOT NULL,
  PRIMARY KEY (`id`)
) ENGINE=InnoDB  DEFAULT CHARSET=utf8 AUTO_INCREMENT=3 ;

--
-- Contenu de la table `news_category`
--

INSERT INTO `news_category` (`id`, `title`, `created_at`, `updated_at`) VALUES
(1, 'Vie des étudiants', '0000-00-00 00:00:00', '0000-00-00 00:00:00'),
(2, 'Association', '0000-00-00 00:00:00', '0000-00-00 00:00:00');

-- --------------------------------------------------------

--
-- Structure de la table `news_post`
--

CREATE TABLE `news_post` (
  `id` int(10) unsigned NOT NULL AUTO_INCREMENT,
  `news_id` int(10) unsigned NOT NULL,
  `user_id` int(10) unsigned NOT NULL,
  `text` text NOT NULL,
  `is_online` int(1) unsigned NOT NULL DEFAULT '1',
  `created_at` datetime NOT NULL,
  `updated_at` datetime NOT NULL,
  PRIMARY KEY (`id`)
) ENGINE=InnoDB DEFAULT CHARSET=utf8 AUTO_INCREMENT=1 ;

-- --------------------------------------------------------

--
-- Structure de la table `tag`
--

CREATE TABLE `tag` (
  `id` int(10) unsigned NOT NULL AUTO_INCREMENT,
  `title` varchar(25) NOT NULL,
  `is_online` int(1) NOT NULL DEFAULT '1',
  `created_at` datetime NOT NULL,
  `updated_at` datetime NOT NULL,
  PRIMARY KEY (`id`)
) ENGINE=InnoDB DEFAULT CHARSET=utf8 AUTO_INCREMENT=1 ;

-- --------------------------------------------------------

--
-- Structure de la table `tutorial`
--

CREATE TABLE `tutorial` (
  `id` int(10) unsigned NOT NULL AUTO_INCREMENT,
  `user_id` int(10) unsigned NOT NULL,
  `tutorial_category_id` int(10) unsigned NOT NULL,
  `title` varchar(100) NOT NULL,
  `text` text NOT NULL,
  `keywords` varchar(200) NOT NULL,
  `is_online` int(1) unsigned NOT NULL DEFAULT '1',
  `created_at` datetime NOT NULL,
  `updated_at` datetime NOT NULL,
  PRIMARY KEY (`id`)
) ENGINE=InnoDB  DEFAULT CHARSET=utf8 AUTO_INCREMENT=7 ;

--
-- Contenu de la table `tutorial`
--

INSERT INTO `tutorial` (`id`, `user_id`, `tutorial_category_id`, `title`, `text`, `keywords`, `is_online`, `created_at`, `updated_at`) VALUES
(1, 4, 2, 'Comment créer un effet néon sur du lettrage //', '<p>Un petit tutoriel tr&egrave;s simple qui explique comment g&eacute;n&eacute;rer un effet de lettrage n&eacute;on, de style un peu r&eacute;tro, avec les effets de Photoshop.</p>\n\n<p>&nbsp;</p>\n\n<p>Oui</p>', '', 1, '0000-00-00 00:00:00', '2014-05-16 12:35:19'),
(2, 0, 2, 'Comment utiliser le Pathfinder dans Illustrator', 'Outil indispensable à tous les utilisateurs de Illustrator! Je vous explique ici comment maîtriser le Pathfinder.', '', 1, '0000-00-00 00:00:00', '0000-00-00 00:00:00'),
(3, 0, 3, 'Comment générer du CSS avec SASS/SCSS dans Sublime Text 2', 'SASS/SCSS s''incruste dans les bonnes habitudes des intégrateurs de ce monde à cause de ses fonctionnalités très utiles. Je vous montre ici comment générer du CSS compressé à partir de SASS avec Sublime Text 2.', '', 1, '0000-00-00 00:00:00', '0000-00-00 00:00:00'),
(4, 0, 2, 'coucou voici mon super tuto', '<p>Illustrator est un outils super simpa super tuto hihi</p>\r\n', '', 1, '2014-04-24 13:47:11', '2014-04-24 13:47:11'),
(5, 4, 1, 'coucou', '<p>didi</p>', '', 1, '2014-05-16 10:08:52', '2014-05-16 10:08:52'),
(6, 4, 2, 'coucou de la forêt 2', '<p>didi attention</p>', '', 1, '0000-00-00 00:00:00', '2014-05-16 14:33:38');

-- --------------------------------------------------------

--
-- Structure de la table `tutorial_category`
--

CREATE TABLE `tutorial_category` (
  `id` int(10) unsigned NOT NULL AUTO_INCREMENT,
  `title` varchar(100) CHARACTER SET utf8 NOT NULL,
  `created_at` datetime NOT NULL,
  `updated_at` datetime NOT NULL,
  PRIMARY KEY (`id`)
) ENGINE=InnoDB  DEFAULT CHARSET=utf32 AUTO_INCREMENT=4 ;

--
-- Contenu de la table `tutorial_category`
--

INSERT INTO `tutorial_category` (`id`, `title`, `created_at`, `updated_at`) VALUES
(1, 'Photoshop', '0000-00-00 00:00:00', '0000-00-00 00:00:00'),
(2, 'Illustator', '0000-00-00 00:00:00', '0000-00-00 00:00:00'),
(3, 'Sublime Text', '0000-00-00 00:00:00', '0000-00-00 00:00:00');

-- --------------------------------------------------------

--
-- Structure de la table `tutorial_post`
--

CREATE TABLE `tutorial_post` (
  `id` int(10) unsigned NOT NULL AUTO_INCREMENT,
  `tutorial_id` int(10) unsigned NOT NULL,
  `user_id` int(10) unsigned NOT NULL,
  `text` text NOT NULL,
  `is_online` int(1) unsigned NOT NULL DEFAULT '1',
  `created_at` datetime NOT NULL,
  `updated_at` datetime NOT NULL,
  PRIMARY KEY (`id`)
) ENGINE=InnoDB  DEFAULT CHARSET=utf8 AUTO_INCREMENT=18 ;

--
-- Contenu de la table `tutorial_post`
--

INSERT INTO `tutorial_post` (`id`, `tutorial_id`, `user_id`, `text`, `is_online`, `created_at`, `updated_at`) VALUES
(1, 2, 4, 'qsdfqsdf', 1, '2014-05-16 14:32:46', '2014-05-16 14:32:46'),
(2, 2, 4, 'qsdfsdqf', 1, '2014-05-16 14:32:49', '2014-05-16 14:32:49'),
(3, 2, 4, 'qsdfdqsf', 1, '2014-05-16 14:32:50', '2014-05-16 14:32:50'),
(4, 2, 4, 'sqdfdsq', 1, '2014-05-16 14:32:54', '2014-05-16 14:32:54'),
(5, 2, 4, 'sqdfdsf', 1, '2014-05-16 14:32:55', '2014-05-16 14:32:55'),
(6, 6, 4, 'qsdfsqdf', 1, '2014-05-16 14:33:33', '2014-05-16 14:33:33'),
(8, 6, 4, 'qsfdsdf', 1, '2014-05-16 14:33:43', '2014-05-16 14:33:43'),
(9, 6, 4, 'qsdfsdqf', 1, '2014-05-16 14:57:05', '2014-05-16 14:57:05'),
(10, 6, 4, 'sdqfqsdf', 1, '2014-05-16 14:57:07', '2014-05-16 14:57:07'),
(13, 6, 3, 'coucou', 1, '2014-05-16 15:20:20', '2014-05-16 15:20:20'),
(17, 6, 3, 'sdfqsdfqsdf', 1, '2014-05-16 15:20:55', '2014-05-16 15:20:55');

-- --------------------------------------------------------

--
-- Structure de la table `user`
--

CREATE TABLE `user` (
  `id` int(10) unsigned NOT NULL AUTO_INCREMENT,
  `first_name` varchar(100) NOT NULL,
  `last_name` varchar(100) NOT NULL,
  `text` text NOT NULL,
  `email` varchar(100) NOT NULL,
  `pass` varchar(200) NOT NULL,
  `keywords` varchar(200) NOT NULL,
  `facebook` varchar(200) NOT NULL,
  `twitter` varchar(200) NOT NULL,
  `linked_in` varchar(200) NOT NULL,
  `graduation` varchar(200) NOT NULL,
  `photo_profil` varchar(200) NOT NULL,
  `is_online` int(1) unsigned NOT NULL DEFAULT '1',
  `created_at` datetime NOT NULL,
  `updated_at` datetime NOT NULL,
  PRIMARY KEY (`id`)
) ENGINE=InnoDB  DEFAULT CHARSET=utf8 AUTO_INCREMENT=7 ;

--
-- Contenu de la table `user`
--

INSERT INTO `user` (`id`, `first_name`, `last_name`, `text`, `email`, `pass`, `keywords`, `facebook`, `twitter`, `linked_in`, `graduation`, `photo_profil`, `is_online`, `created_at`, `updated_at`) VALUES
(1, 'Damien', 'Weil', 'texte de Damien Lorem ipsum dolor sit amet, consectetur adipiscing elit. Nunc sit amet rhoncus augue, at mollis lacus. Phasellus eget consequat tellus. Donec sed turpis nunc. Nam id dolor porttitor, tristique tortor eget, iaculis sem. Donec nec tincidunt erat. Curabitur volutpat convallis porttitor. Nunc eleifend sem sem, quis ultricies augue porttitor ac. Nullam vitae ante nunc. Suspendisse nisi augue, condimentum eu nulla a, cursus condimentum mauris. Integer tristique pharetra tempor. Donec pharetra vestibulum risus sit amet dictum.', 'damien.weil@gmail.com', 'damien1', '', '', '', '', '2014', '', 1, '0000-00-00 00:00:00', '0000-00-00 00:00:00'),
(2, 'René', 'Grossi', 'texte de rené Lorem ipsum dolor sit amet, consectetur adipiscing elit. Nunc sit amet rhoncus augue, at mollis lacus. Phasellus eget consequat tellus. Donec sed turpis nunc. Nam id dolor porttitor, tristique tortor eget, iaculis sem. Donec nec tincidunt erat. Curabitur volutpat convallis porttitor. Nunc eleifend sem sem, quis ultricies augue porttitor ac. Nullam vitae ante nunc. Suspendisse nisi augue, condimentum eu nulla a, cursus condimentum mauris. Integer tristique pharetra tempor. Donec pharetra vestibulum risus sit amet dictum.', 'rene.grossi@gmail.com', 'rene2', '', '', '', '', '2014', '', 1, '2014-04-07 16:35:14', '2014-04-07 16:35:14'),
(3, 'Antoine', 'Chameau', 'texte d''antoine Lorem ipsum dolor sit amet, consectetur adipiscing elit. Nunc sit amet rhoncus augue, at mollis lacus. Phasellus eget consequat tellus. Donec sed turpis nunc. Nam id dolor porttitor, tristique tortor eget, iaculis sem. Donec nec tincidunt erat. Curabitur volutpat convallis porttitor. Nunc eleifend sem sem, quis ultricies augue porttitor ac. Nullam vitae ante nunc. Suspendisse nisi augue, condimentum eu nulla a, cursus condimentum mauris. Integer tristique pharetra tempor. Donec pharetra vestibulum risus sit amet dictum.', 'antoine.chameau@gmail.com', 'coucou', '', '', '', '', '2014', '', 1, '2014-04-07 16:35:38', '2014-04-07 16:35:38'),
(4, 'Henri', 'Lepic', 'texte d''Henri Lorem ipsum dolor sit amet, consectetur adipiscing elit. Nunc sit amet rhoncus augue, at mollis lacus. Phasellus eget consequat tellus. Donec sed turpis nunc. Nam id dolor porttitor, tristique tortor eget, iaculis sem. Donec nec tincidunt erat. Curabitur volutpat convallis porttitor. Nunc eleifend sem sem, quis ultricies augue porttitor ac. Nullam vitae ante nunc. Suspendisse nisi augue, condimentum eu nulla a, cursus condimentum mauris. Integer tristique pharetra tempor. Donec pharetra vestibulum risus sit amet dictum.', 'henrilepic@gmail.com', 'riton22', '', 'https://www.facebook.com/riton.pic', '@henripic', 'fr.linkedin.com/pub/henri-lepic/6/847/736\n', '2014', 'henri-lepic.png', 1, '2014-04-07 16:36:41', '2014-04-07 16:36:41'),
(5, 'Amélie', 'Lepic', 'texte Amélie Lorem ipsum dolor sit amet, consectetur adipiscing elit. Nunc sit amet rhoncus augue, at mollis lacus. Phasellus eget consequat tellus. Donec sed turpis nunc. Nam id dolor porttitor, tristique tortor eget, iaculis sem. Donec nec tincidunt erat. Curabitur volutpat convallis porttitor. Nunc eleifend sem sem, quis ultricies augue porttitor ac. Nullam vitae ante nunc. Suspendisse nisi augue, condimentum eu nulla a, cursus condimentum mauris. Integer tristique pharetra tempor. Donec pharetra vestibulum risus sit amet dictum.', 'amelie.lepic@gmail.com', 'amèle', '', '', '', '', '2014', '', 0, '2014-04-07 17:04:15', '2014-04-07 17:04:15'),
(6, 'Hugues', 'Lepic', 'texte d''hugues Lorem ipsum dolor sit amet, consectetur adipiscing elit. Nunc sit amet rhoncus augue, at mollis lacus. Phasellus eget consequat tellus. Donec sed turpis nunc. Nam id dolor porttitor, tristique tortor eget, iaculis sem. Donec nec tincidunt erat. Curabitur volutpat convallis porttitor. Nunc eleifend sem sem, quis ultricies augue porttitor ac. Nullam vitae ante nunc. Suspendisse nisi augue, condimentum eu nulla a, cursus condimentum mauris. Integer tristique pharetra tempor. Donec pharetra vestibulum risus sit amet dictum.', 'h.lepic@gmail.com', 'hugo', '', '', '', '', '2013', '', 1, '2014-04-07 17:08:35', '2014-04-07 17:08:35');

-- --------------------------------------------------------

--
-- Structure de la table `user_project`
--

CREATE TABLE `user_project` (
  `id` int(10) unsigned NOT NULL AUTO_INCREMENT,
  `user_id` int(10) unsigned NOT NULL,
  `user_project_category_id` int(10) NOT NULL,
  `image_url` varchar(200) NOT NULL,
  `title` varchar(100) NOT NULL,
  `description` text NOT NULL,
  `is_featured` int(1) unsigned NOT NULL,
  `is_online` int(1) unsigned NOT NULL DEFAULT '1',
  `created_at` datetime NOT NULL,
  `updated_at` datetime NOT NULL,
  PRIMARY KEY (`id`)
) ENGINE=InnoDB  DEFAULT CHARSET=utf8 AUTO_INCREMENT=6 ;

--
-- Contenu de la table `user_project`
--

INSERT INTO `user_project` (`id`, `user_id`, `user_project_category_id`, `image_url`, `title`, `description`, `is_featured`, `is_online`, `created_at`, `updated_at`) VALUES
(3, 4, 1, 'http://jonathanlepapillon.j.o.pic.centerblog.net/8dbf4aaf.gif', 'Ma belle création', 'c''es très très jolie merci de me faire un like !', 0, 1, '0000-00-00 00:00:00', '0000-00-00 00:00:00'),
(4, 4, 1, 'http://papillondamour.p.a.pic.centerblog.net/fb8781d0.gif', 'Une fée de printemps', 'La joie dans le cœur je suis heureux de vous présenter ma toute belle création dont je suis grandement fière.', 0, 1, '0000-00-00 00:00:00', '0000-00-00 00:00:00'),
(5, 4, 1, 'http://www.wallpapersdesign.net/wallpapers/2012/11/World-Map-On-Apple-Surface-Art-Crea-400x320.jpg', 'je suis pommé !', 'haha j''aime bien faire des bonnes vannes !', 0, 1, '0000-00-00 00:00:00', '0000-00-00 00:00:00');

-- --------------------------------------------------------

--
-- Structure de la table `user_project_category`
--

CREATE TABLE `user_project_category` (
  `id` int(10) unsigned NOT NULL AUTO_INCREMENT,
  `title` varchar(100) NOT NULL,
  `created_at` datetime NOT NULL,
  `updated_at` datetime NOT NULL,
  PRIMARY KEY (`id`)
) ENGINE=InnoDB  DEFAULT CHARSET=utf8 AUTO_INCREMENT=12 ;

--
-- Contenu de la table `user_project_category`
--

INSERT INTO `user_project_category` (`id`, `title`, `created_at`, `updated_at`) VALUES
(1, ' GRAPHISME', '0000-00-00 00:00:00', '0000-00-00 00:00:00'),
(2, 'PACKAGING', '0000-00-00 00:00:00', '0000-00-00 00:00:00'),
(3, 'DESSINS ET CROQUIS', '0000-00-00 00:00:00', '0000-00-00 00:00:00'),
(4, 'COULEUR', '0000-00-00 00:00:00', '0000-00-00 00:00:00'),
(5, 'PERSPECTIVE', '0000-00-00 00:00:00', '0000-00-00 00:00:00'),
(6, 'ROUGH ET STORYBOARD', '0000-00-00 00:00:00', '0000-00-00 00:00:00'),
(7, 'PUBLICITÉ', '0000-00-00 00:00:00', '0000-00-00 00:00:00'),
(8, 'TYPOGRAPHIE', '0000-00-00 00:00:00', '0000-00-00 00:00:00'),
(9, 'IDENTITÉ VISUELLE', '0000-00-00 00:00:00', '0000-00-00 00:00:00'),
(10, 'ÉDITION', '0000-00-00 00:00:00', '0000-00-00 00:00:00'),
(11, 'PROJETS DE DIPLÔMES', '0000-00-00 00:00:00', '0000-00-00 00:00:00');

-- --------------------------------------------------------

--
-- Structure de la table `user_project_image`
--

CREATE TABLE `user_project_image` (
  `id` int(10) unsigned NOT NULL AUTO_INCREMENT,
  `project_id` int(10) unsigned NOT NULL,
  `title` varchar(100) NOT NULL,
  `url` varchar(200) NOT NULL,
  `description` text NOT NULL,
  `is_featured` int(1) unsigned NOT NULL,
  `is_online` int(1) unsigned NOT NULL DEFAULT '1',
  `created_at` datetime NOT NULL,
  `updated_at` datetime NOT NULL,
  PRIMARY KEY (`id`)
) ENGINE=InnoDB  DEFAULT CHARSET=utf8 AUTO_INCREMENT=3 ;

--
-- Contenu de la table `user_project_image`
--

INSERT INTO `user_project_image` (`id`, `project_id`, `title`, `url`, `description`, `is_featured`, `is_online`, `created_at`, `updated_at`) VALUES
(1, 0, 'Test titre...', '', '', 0, 0, '2014-04-07 17:04:15', '2014-04-07 17:04:15'),
(2, 6, 'Test titre...', '', '', 0, 0, '2014-04-07 17:08:35', '2014-04-07 17:08:35');
